,Time,Type,Zone1,Zone2,Zone3,Zone4,Zone5,Zone6,Zone7,Zone8,Zone9,Zone10,Zone11,Zone12,Zone13,Zone14,Zone15,Zone16,Zone17,Zone18,Zone19,Zone20,Zone21,Zone22,Zone23,Zone24,Zone25
0,1,Tuna,0.0,0.0,0.0,0.0,0.0,0.0,0.0,0.0,0.0,0.0,0.0,0.0,0.0,0.0,0.0,0.0,0.0,0.0,0.0,0.0,0.0,0.0,0.0,0.0,0.0
1,1,Salmon,0.0,0.0,0.0,0.0,0.0,0.0,0.0,0.0,0.0,0.0,0.0,0.0,0.0,0.0,0.0,0.0,0.0,0.0,0.0,0.0,0.0,0.0,0.0,0.0,0.0
2,1,Clown,0.0,0.0,0.0,0.0,0.0,0.0,0.0,0.0,0.0,0.0,0.0,0.0,0.0,0.0,0.0,0.0,0.0,0.0,0.0,0.0,0.0,0.0,0.0,0.0,0.0
0,2,Tuna,0.0,0.0,0.0,0.0,0.0,0.0,0.0,0.0,0.0,0.0,-1.0,1.0,0.0,0.0,0.0,0.0,0.0,0.0,0.0,0.0,0.0,0.0,0.0,0.0,0.0
1,2,Salmon,-1.0,0.0,0.0,0.0,0.0,0.0,0.0,0.0,1.0,0.0,0.0,-1.0,-2.0,1.0,0.0,0.0,1.0,1.0,0.0,-1.0,0.0,0.0,0.0,1.0,0.0
2,2,Clown,0.0,0.0,0.0,0.0,-1.0,0.0,0.0,0.0,-1.0,2.0,0.0,0.0,0.0,0.0,0.0,0.0,0.0,0.0,0.0,0.0,0.0,0.0,-1.0,1.0,0.0
0,3,Tuna,0.0,0.0,0.0,0.0,0.0,0.0,0.0,0.0,0.0,0.0,-1.0,1.0,0.0,0.0,0.0,0.0,0.0,0.0,0.0,0.0,0.0,0.0,0.0,0.0,0.0
1,3,Salmon,-1.0,-1.0,0.0,0.0,0.0,0.0,1.0,0.0,1.0,0.0,0.0,-2.0,-2.0,1.0,0.0,0.0,2.0,1.0,0.0,-1.0,0.0,0.0,0.0,1.0,0.0
2,3,Clown,0.0,0.0,0.0,0.0,-1.0,0.0,0.0,0.0,-1.0,2.0,0.0,0.0,0.0,0.0,0.0,0.0,0.0,0.0,0.0,0.0,0.0,0.0,-1.0,1.0,0.0
0,4,Tuna,0.0,0.0,0.0,0.0,0.0,0.0,0.0,0.0,0.0,0.0,-1.0,1.0,0.0,0.0,0.0,0.0,0.0,0.0,0.0,0.0,0.0,0.0,0.0,0.0,0.0
1,4,Salmon,-1.0,-1.0,0.0,0.0,0.0,0.0,1.0,0.0,1.0,0.0,1.0,-2.0,-2.0,1.0,0.0,-1.0,2.0,1.0,0.0,-1.0,0.0,0.0,0.0,1.0,0.0
2,4,Clown,0.0,0.0,0.0,0.0,-1.0,0.0,0.0,0.0,-1.0,2.0,0.0,0.0,0.0,0.0,0.0,0.0,0.0,0.0,0.0,0.0,0.0,0.0,-1.0,1.0,0.0
0,5,Tuna,0.0,0.0,0.0,0.0,0.0,0.0,0.0,0.0,0.0,0.0,-1.0,1.0,0.0,0.0,0.0,0.0,0.0,0.0,0.0,0.0,0.0,0.0,0.0,0.0,0.0
1,5,Salmon,-1.0,-1.0,0.0,0.0,0.0,0.0,1.0,0.0,1.0,0.0,1.0,-2.0,-2.0,1.0,0.0,-1.0,2.0,1.0,0.0,-1.0,0.0,0.0,1.0,0.0,0.0
2,5,Clown,0.0,0.0,0.0,0.0,-1.0,0.0,0.0,0.0,-1.0,2.0,0.0,0.0,0.0,0.0,0.0,0.0,0.0,0.0,0.0,0.0,0.0,0.0,-1.0,1.0,0.0
0,6,Tuna,0.0,0.0,0.0,0.0,0.0,0.0,0.0,0.0,0.0,0.0,-1.0,1.0,0.0,0.0,0.0,0.0,0.0,0.0,0.0,0.0,0.0,0.0,1.0,-1.0,0.0
1,6,Salmon,-1.0,-1.0,0.0,0.0,0.0,0.0,1.0,0.0,1.0,0.0,1.0,-2.0,-2.0,1.0,0.0,-1.0,2.0,1.0,0.0,-1.0,0.0,0.0,0.0,1.0,0.0
2,6,Clown,0.0,0.0,0.0,0.0,-1.0,0.0,0.0,0.0,-1.0,2.0,0.0,-1.0,0.0,0.0,0.0,0.0,1.0,0.0,0.0,0.0,0.0,0.0,-1.0,1.0,0.0
0,7,Tuna,0.0,0.0,0.0,0.0,0.0,1.0,0.0,0.0,0.0,0.0,-2.0,1.0,0.0,0.0,0.0,0.0,0.0,0.0,0.0,0.0,0.0,0.0,1.0,-1.0,0.0
1,7,Salmon,-1.0,0.0,-1.0,0.0,0.0,0.0,1.0,0.0,1.0,0.0,1.0,-4.0,-2.0,1.0,0.0,-1.0,4.0,1.0,0.0,-1.0,0.0,0.0,0.0,1.0,0.0
2,7,Clown,0.0,0.0,0.0,0.0,-1.0,0.0,0.0,0.0,-1.0,2.0,0.0,-1.0,0.0,0.0,0.0,0.0,1.0,0.0,0.0,-1.0,0.0,0.0,-1.0,1.0,1.0
0,8,Tuna,0.0,0.0,0.0,0.0,0.0,1.0,0.0,0.0,0.0,0.0,-2.0,1.0,0.0,0.0,0.0,0.0,0.0,0.0,0.0,0.0,0.0,0.0,1.0,-1.0,0.0
1,8,Salmon,-1.0,0.0,-1.0,0.0,0.0,0.0,1.0,0.0,1.0,0.0,1.0,-4.0,-2.0,1.0,0.0,-1.0,4.0,1.0,0.0,-1.0,0.0,0.0,0.0,1.0,0.0
2,8,Clown,0.0,0.0,0.0,0.0,-1.0,0.0,0.0,0.0,-1.0,2.0,0.0,-1.0,0.0,0.0,0.0,0.0,1.0,0.0,0.0,-1.0,0.0,0.0,-1.0,1.0,1.0
0,9,Tuna,0.0,0.0,0.0,0.0,0.0,1.0,0.0,0.0,0.0,0.0,-2.0,1.0,0.0,0.0,1.0,0.0,0.0,-1.0,1.0,-1.0,0.0,0.0,1.0,-1.0,0.0
1,9,Salmon,-1.0,0.0,-1.0,0.0,0.0,0.0,1.0,0.0,1.0,0.0,1.0,-4.0,-2.0,1.0,0.0,-1.0,4.0,1.0,0.0,-1.0,0.0,0.0,0.0,1.0,0.0
2,9,Clown,0.0,0.0,0.0,0.0,-1.0,0.0,0.0,0.0,-1.0,1.0,0.0,-1.0,0.0,0.0,1.0,0.0,1.0,0.0,0.0,-1.0,0.0,0.0,-1.0,0.0,2.0
0,10,Tuna,0.0,0.0,0.0,0.0,0.0,1.0,0.0,0.0,0.0,0.0,-2.0,1.0,0.0,0.0,0.0,0.0,0.0,-1.0,1.0,0.0,0.0,0.0,1.0,-1.0,0.0
1,10,Salmon,-1.0,0.0,-1.0,0.0,0.0,0.0,1.0,-1.0,1.0,0.0,1.0,-5.0,-1.0,1.0,0.0,-1.0,5.0,0.0,1.0,-1.0,-1.0,1.0,1.0,0.0,0.0
2,10,Clown,0.0,0.0,0.0,0.0,-1.0,0.0,0.0,0.0,-1.0,1.0,0.0,-1.0,0.0,0.0,1.0,0.0,1.0,0.0,0.0,-1.0,0.0,0.0,-1.0,0.0,2.0
0,11,Tuna,0.0,0.0,0.0,0.0,0.0,1.0,0.0,0.0,0.0,0.0,-2.0,1.0,0.0,0.0,0.0,0.0,0.0,-1.0,1.0,0.0,-1.0,1.0,1.0,-1.0,0.0
1,11,Salmon,-1.0,0.0,-1.0,0.0,0.0,0.0,1.0,-1.0,1.0,0.0,1.0,-5.0,-1.0,1.0,0.0,-1.0,5.0,0.0,1.0,-1.0,-1.0,1.0,1.0,0.0,0.0
2,11,Clown,0.0,0.0,0.0,0.0,-1.0,0.0,0.0,0.0,-1.0,1.0,0.0,-2.0,0.0,0.0,1.0,0.0,2.0,0.0,0.0,-1.0,0.0,0.0,-1.0,0.0,2.0
0,12,Tuna,-1.0,1.0,0.0,0.0,0.0,1.0,0.0,0.0,0.0,0.0,-2.0,1.0,0.0,0.0,0.0,0.0,0.0,-1.0,1.0,0.0,-1.0,1.0,1.0,-1.0,0.0
1,12,Salmon,-1.0,0.0,-1.0,0.0,0.0,0.0,1.0,-1.0,0.0,-1.0,1.0,-5.0,-1.0,2.0,1.0,-1.0,5.0,-1.0,1.0,-1.0,-1.0,1.0,2.0,0.0,0.0
2,12,Clown,0.0,0.0,0.0,0.0,-1.0,0.0,0.0,0.0,-1.0,1.0,0.0,-2.0,0.0,0.0,1.0,0.0,2.0,0.0,0.0,-1.0,0.0,0.0,-1.0,0.0,2.0
0,13,Tuna,-1.0,1.0,0.0,0.0,0.0,1.0,0.0,0.0,0.0,0.0,-2.0,1.0,0.0,0.0,0.0,0.0,0.0,-1.0,1.0,0.0,-1.0,1.0,1.0,-1.0,0.0
1,13,Salmon,-1.0,0.0,-1.0,0.0,0.0,0.0,1.0,-1.0,0.0,-1.0,1.0,-5.0,-1.0,1.0,1.0,-1.0,5.0,-1.0,2.0,-1.0,-1.0,1.0,2.0,0.0,0.0
2,13,Clown,0.0,0.0,0.0,0.0,-1.0,0.0,0.0,0.0,-1.0,1.0,0.0,-3.0,0.0,0.0,1.0,0.0,3.0,0.0,0.0,-1.0,0.0,0.0,-1.0,0.0,2.0
0,14,Tuna,-1.0,1.0,0.0,0.0,0.0,1.0,0.0,0.0,0.0,0.0,-3.0,2.0,0.0,0.0,0.0,0.0,0.0,-1.0,1.0,0.0,-1.0,1.0,1.0,-1.0,0.0
1,14,Salmon,-1.0,0.0,-1.0,0.0,0.0,0.0,1.0,-1.0,0.0,-1.0,1.0,-5.0,-1.0,1.0,1.0,-1.0,5.0,-1.0,1.0,0.0,-1.0,1.0,2.0,0.0,0.0
2,14,Clown,0.0,0.0,0.0,0.0,-1.0,0.0,0.0,0.0,-1.0,1.0,0.0,-3.0,0.0,0.0,1.0,0.0,3.0,0.0,0.0,-1.0,0.0,0.0,-1.0,0.0,2.0
0,15,Tuna,-1.0,1.0,0.0,0.0,0.0,1.0,-1.0,0.0,0.0,0.0,-3.0,3.0,0.0,0.0,0.0,0.0,0.0,-1.0,1.0,0.0,-1.0,1.0,1.0,-1.0,0.0
1,15,Salmon,-1.0,0.0,-1.0,0.0,0.0,0.0,1.0,-1.0,0.0,-1.0,0.0,-4.0,-1.0,1.0,1.0,-1.0,5.0,-1.0,1.0,0.0,-1.0,1.0,2.0,0.0,0.0
2,15,Clown,0.0,-1.0,0.0,0.0,-1.0,0.0,1.0,0.0,-1.0,1.0,0.0,-3.0,0.0,0.0,1.0,0.0,3.0,0.0,0.0,-1.0,0.0,0.0,-1.0,-1.0,3.0
0,16,Tuna,-1.0,1.0,0.0,0.0,0.0,1.0,-1.0,0.0,0.0,0.0,-3.0,3.0,0.0,0.0,0.0,0.0,1.0,-2.0,1.0,0.0,-1.0,1.0,1.0,-1.0,0.0
1,16,Salmon,-1.0,0.0,-1.0,0.0,0.0,0.0,1.0,-1.0,0.0,-1.0,0.0,-4.0,-1.0,1.0,1.0,-1.0,5.0,-1.0,2.0,0.0,-1.0,1.0,2.0,-1.0,0.0
2,16,Clown,0.0,-1.0,0.0,0.0,-1.0,0.0,1.0,0.0,-1.0,1.0,0.0,-3.0,0.0,0.0,1.0,0.0,3.0,0.0,0.0,-1.0,0.0,0.0,-1.0,-1.0,3.0
0,17,Tuna,-1.0,1.0,0.0,0.0,0.0,1.0,-1.0,0.0,0.0,0.0,-3.0,3.0,0.0,0.0,0.0,0.0,1.0,-2.0,1.0,0.0,-1.0,1.0,1.0,-1.0,0.0
1,17,Salmon,-1.0,0.0,-1.0,0.0,0.0,0.0,1.0,-1.0,0.0,-1.0,0.0,-4.0,-1.0,1.0,1.0,-1.0,5.0,-1.0,2.0,0.0,-1.0,1.0,2.0,-1.0,0.0
2,17,Clown,0.0,-1.0,0.0,0.0,-1.0,0.0,1.0,0.0,-1.0,1.0,0.0,-3.0,0.0,0.0,1.0,0.0,3.0,0.0,1.0,-1.0,0.0,0.0,-1.0,-2.0,3.0
0,18,Tuna,-1.0,1.0,0.0,0.0,0.0,1.0,-1.0,0.0,0.0,0.0,-3.0,3.0,0.0,0.0,0.0,0.0,1.0,-2.0,1.0,0.0,-1.0,1.0,1.0,-1.0,0.0
1,18,Salmon,-1.0,0.0,-1.0,0.0,-1.0,0.0,1.0,-1.0,0.0,0.0,0.0,-4.0,-1.0,1.0,1.0,-1.0,5.0,-1.0,2.0,0.0,-1.0,1.0,2.0,-1.0,0.0
2,18,Clown,0.0,-1.0,0.0,0.0,-1.0,0.0,1.0,0.0,-1.0,1.0,0.0,-3.0,0.0,0.0,1.0,0.0,3.0,0.0,1.0,-1.0,0.0,0.0,-1.0,-2.0,3.0
0,19,Tuna,-1.0,1.0,0.0,0.0,0.0,1.0,-1.0,0.0,0.0,0.0,-3.0,3.0,0.0,0.0,0.0,0.0,1.0,-2.0,0.0,0.0,-1.0,1.0,1.0,0.0,0.0
1,19,Salmon,-1.0,0.0,-1.0,0.0,-1.0,0.0,1.0,-2.0,1.0,0.0,0.0,-4.0,-1.0,1.0,1.0,-1.0,5.0,0.0,2.0,0.0,-1.0,1.0,1.0,-1.0,0.0
2,19,Clown,0.0,-1.0,0.0,0.0,-1.0,0.0,1.0,0.0,-1.0,1.0,0.0,-4.0,0.0,0.0,1.0,0.0,4.0,0.0,1.0,-1.0,0.0,0.0,-1.0,-2.0,3.0
0,20,Tuna,-1.0,1.0,0.0,0.0,0.0,1.0,-1.0,0.0,0.0,0.0,-3.0,3.0,0.0,0.0,0.0,0.0,1.0,-2.0,0.0,0.0,-1.0,1.0,1.0,0.0,0.0
1,20,Salmon,-1.0,0.0,-1.0,0.0,-1.0,0.0,1.0,-2.0,1.0,0.0,0.0,-4.0,-1.0,1.0,1.0,-1.0,5.0,0.0,2.0,0.0,-1.0,2.0,0.0,-1.0,0.0
2,20,Clown,0.0,-1.0,0.0,0.0,-1.0,0.0,1.0,0.0,-1.0,1.0,0.0,-4.0,0.0,0.0,1.0,0.0,4.0,0.0,1.0,-1.0,0.0,0.0,-1.0,-2.0,3.0
0,21,Tuna,-1.0,1.0,0.0,0.0,1.0,1.0,-1.0,0.0,0.0,-1.0,-3.0,3.0,0.0,0.0,0.0,0.0,1.0,-2.0,0.0,0.0,-1.0,1.0,1.0,0.0,0.0
1,21,Salmon,-1.0,0.0,-1.0,0.0,-1.0,0.0,1.0,-2.0,1.0,0.0,0.0,-4.0,-1.0,0.0,2.0,-1.0,5.0,0.0,2.0,0.0,-1.0,2.0,0.0,-1.0,0.0
2,21,Clown,0.0,-1.0,0.0,0.0,-1.0,0.0,1.0,0.0,-1.0,1.0,0.0,-4.0,0.0,0.0,1.0,0.0,4.0,0.0,1.0,-1.0,0.0,0.0,-1.0,-2.0,3.0
0,22,Tuna,-1.0,1.0,0.0,0.0,1.0,1.0,-1.0,0.0,0.0,-1.0,-3.0,3.0,0.0,0.0,0.0,0.0,1.0,-2.0,-1.0,1.0,-1.0,1.0,1.0,0.0,0.0
1,22,Salmon,-1.0,0.0,-2.0,0.0,-1.0,0.0,1.0,-1.0,1.0,0.0,0.0,-4.0,-1.0,0.0,2.0,-1.0,5.0,-1.0,2.0,0.0,-1.0,2.0,1.0,-1.0,0.0
2,22,Clown,0.0,-1.0,0.0,0.0,-1.0,0.0,1.0,0.0,-1.0,1.0,0.0,-4.0,0.0,0.0,1.0,0.0,4.0,0.0,1.0,-1.0,0.0,0.0,-1.0,-2.0,3.0
0,23,Tuna,-1.0,1.0,0.0,0.0,1.0,1.0,-1.0,0.0,0.0,-1.0,-3.0,3.0,0.0,0.0,0.0,0.0,2.0,-2.0,-1.0,1.0,-1.0,0.0,1.0,0.0,0.0
1,23,Salmon,-1.0,0.0,-2.0,0.0,-1.0,0.0,1.0,-1.0,2.0,-1.0,0.0,-4.0,-1.0,0.0,2.0,-1.0,5.0,-1.0,2.0,0.0,-1.0,3.0,0.0,-1.0,0.0
2,23,Clown,0.0,-1.0,0.0,0.0,-1.0,0.0,1.0,0.0,-1.0,1.0,0.0,-4.0,0.0,0.0,1.0,0.0,4.0,0.0,2.0,0.0,0.0,0.0,-1.0,-3.0,2.0
0,24,Tuna,-1.0,1.0,0.0,0.0,1.0,1.0,-1.0,0.0,0.0,-1.0,-3.0,3.0,0.0,0.0,0.0,0.0,2.0,-2.0,-1.0,1.0,-1.0,0.0,1.0,0.0,0.0
1,24,Salmon,-1.0,0.0,-2.0,0.0,-1.0,0.0,1.0,-1.0,2.0,-1.0,0.0,-4.0,-1.0,0.0,2.0,-1.0,5.0,-1.0,2.0,0.0,-1.0,3.0,0.0,-1.0,0.0
2,24,Clown,0.0,-1.0,0.0,0.0,-1.0,0.0,1.0,0.0,-1.0,1.0,0.0,-4.0,0.0,0.0,1.0,0.0,4.0,0.0,2.0,1.0,0.0,0.0,-1.0,-3.0,1.0
0,25,Tuna,-1.0,1.0,0.0,0.0,1.0,1.0,-1.0,0.0,0.0,-1.0,-3.0,3.0,0.0,0.0,0.0,0.0,2.0,-2.0,-1.0,1.0,-1.0,0.0,1.0,0.0,0.0
1,25,Salmon,-1.0,0.0,-2.0,0.0,-1.0,0.0,1.0,-1.0,2.0,-1.0,0.0,-4.0,-1.0,0.0,2.0,-1.0,5.0,-1.0,2.0,0.0,-1.0,3.0,0.0,-1.0,0.0
2,25,Clown,0.0,-1.0,0.0,0.0,-1.0,0.0,1.0,0.0,-1.0,1.0,0.0,-4.0,0.0,0.0,1.0,0.0,4.0,0.0,2.0,1.0,0.0,0.0,-1.0,-3.0,1.0
0,26,Tuna,-1.0,1.0,0.0,0.0,1.0,1.0,-1.0,0.0,0.0,-1.0,-3.0,3.0,0.0,0.0,0.0,0.0,2.0,-2.0,-1.0,1.0,-1.0,0.0,1.0,0.0,0.0
1,26,Salmon,-1.0,0.0,-2.0,0.0,-1.0,0.0,1.0,-1.0,2.0,-1.0,0.0,-4.0,-1.0,0.0,2.0,-1.0,5.0,-1.0,2.0,0.0,-1.0,3.0,1.0,-2.0,0.0
2,26,Clown,0.0,-1.0,0.0,0.0,-1.0,0.0,1.0,0.0,-1.0,1.0,0.0,-4.0,0.0,0.0,1.0,0.0,4.0,0.0,2.0,1.0,0.0,0.0,-1.0,-4.0,2.0
0,27,Tuna,-1.0,1.0,-1.0,0.0,1.0,1.0,-1.0,1.0,0.0,-1.0,-3.0,3.0,0.0,0.0,0.0,0.0,2.0,-2.0,-1.0,1.0,-1.0,0.0,1.0,0.0,0.0
1,27,Salmon,-1.0,0.0,-2.0,0.0,-1.0,0.0,1.0,-1.0,2.0,-1.0,0.0,-5.0,-1.0,0.0,2.0,-1.0,6.0,-2.0,2.0,0.0,-1.0,3.0,2.0,-2.0,0.0
2,27,Clown,0.0,-1.0,0.0,0.0,-1.0,0.0,1.0,0.0,-1.0,1.0,0.0,-4.0,0.0,0.0,1.0,0.0,4.0,0.0,3.0,1.0,0.0,0.0,-1.0,-5.0,2.0
0,28,Tuna,-1.0,0.0,-1.0,0.0,1.0,1.0,0.0,1.0,0.0,-1.0,-4.0,4.0,0.0,0.0,0.0,0.0,2.0,-2.0,-1.0,1.0,-1.0,0.0,1.0,0.0,0.0
1,28,Salmon,-1.0,0.0,-2.0,0.0,-1.0,0.0,1.0,-2.0,3.0,-1.0,0.0,-5.0,-1.0,0.0,2.0,-1.0,6.0,-2.0,3.0,-1.0,-1.0,3.0,2.0,-2.0,0.0
2,28,Clown,0.0,-1.0,0.0,0.0,-1.0,0.0,1.0,0.0,-1.0,1.0,0.0,-4.0,0.0,0.0,1.0,0.0,4.0,0.0,3.0,1.0,0.0,0.0,-1.0,-5.0,2.0
0,29,Tuna,-1.0,0.0,-1.0,0.0,1.0,1.0,0.0,1.0,0.0,-1.0,-3.0,3.0,0.0,0.0,0.0,0.0,2.0,-2.0,-1.0,1.0,-1.0,0.0,1.0,0.0,0.0
1,29,Salmon,-1.0,0.0,-2.0,0.0,-1.0,0.0,1.0,-2.0,3.0,-1.0,0.0,-5.0,-1.0,0.0,2.0,-1.0,6.0,-2.0,4.0,-2.0,-1.0,3.0,2.0,-2.0,0.0
2,29,Clown,0.0,-2.0,1.0,0.0,-1.0,0.0,1.0,0.0,-1.0,1.0,0.0,-4.0,0.0,0.0,1.0,0.0,4.0,0.0,4.0,0.0,0.0,0.0,-1.0,-4.0,1.0
0,30,Tuna,-1.0,0.0,-1.0,0.0,1.0,1.0,0.0,1.0,0.0,-1.0,-3.0,3.0,0.0,0.0,0.0,0.0,2.0,-2.0,-1.0,1.0,-1.0,0.0,1.0,0.0,0.0
1,30,Salmon,-1.0,0.0,-2.0,0.0,-1.0,0.0,1.0,-2.0,3.0,-1.0,0.0,-5.0,-1.0,0.0,2.0,-1.0,6.0,-1.0,4.0,-2.0,-1.0,3.0,1.0,-2.0,0.0
2,30,Clown,0.0,-2.0,1.0,0.0,-1.0,0.0,1.0,0.0,-1.0,1.0,0.0,-4.0,0.0,0.0,1.0,0.0,4.0,-1.0,4.0,0.0,0.0,0.0,0.0,-4.0,1.0
0,31,Tuna,-1.0,-1.0,-1.0,0.0,1.0,1.0,1.0,1.0,-1.0,-1.0,-3.0,3.0,0.0,1.0,0.0,0.0,2.0,-2.0,-1.0,1.0,-1.0,0.0,1.0,0.0,0.0
1,31,Salmon,-1.0,0.0,-2.0,0.0,-1.0,0.0,1.0,-2.0,3.0,-1.0,0.0,-5.0,-1.0,0.0,2.0,-1.0,6.0,-1.0,5.0,-3.0,-1.0,3.0,1.0,-2.0,0.0
2,31,Clown,0.0,-2.0,1.0,0.0,-1.0,0.0,1.0,0.0,-1.0,1.0,0.0,-4.0,0.0,0.0,1.0,0.0,4.0,-2.0,5.0,0.0,0.0,0.0,0.0,-4.0,1.0
0,32,Tuna,-1.0,-1.0,-1.0,0.0,1.0,1.0,1.0,1.0,-1.0,-1.0,-3.0,3.0,0.0,1.0,0.0,0.0,2.0,-2.0,-1.0,1.0,-1.0,0.0,1.0,0.0,0.0
1,32,Salmon,-1.0,0.0,-2.0,0.0,-1.0,0.0,1.0,-2.0,4.0,-1.0,0.0,-5.0,-1.0,-1.0,2.0,-1.0,6.0,-1.0,6.0,-3.0,-1.0,3.0,1.0,-3.0,0.0
2,32,Clown,0.0,-2.0,1.0,0.0,-1.0,0.0,1.0,0.0,-1.0,1.0,0.0,-4.0,0.0,0.0,1.0,0.0,4.0,-2.0,6.0,-1.0,0.0,0.0,0.0,-4.0,1.0
0,33,Tuna,-1.0,-1.0,-1.0,0.0,1.0,1.0,1.0,1.0,-1.0,-1.0,-3.0,4.0,0.0,1.0,0.0,0.0,1.0,-2.0,0.0,0.0,-1.0,0.0,1.0,0.0,0.0
1,33,Salmon,-1.0,0.0,-2.0,0.0,-1.0,0.0,1.0,-2.0,4.0,-1.0,0.0,-5.0,-1.0,-2.0,2.0,-1.0,6.0,-1.0,7.0,-3.0,-1.0,3.0,1.0,-3.0,0.0
2,33,Clown,0.0,-2.0,1.0,0.0,-1.0,0.0,1.0,0.0,-1.0,1.0,0.0,-4.0,0.0,0.0,1.0,0.0,4.0,-2.0,6.0,-1.0,0.0,0.0,0.0,-4.0,1.0
0,34,Tuna,-1.0,-1.0,-1.0,0.0,1.0,1.0,1.0,1.0,-1.0,-1.0,-3.0,4.0,0.0,1.0,0.0,0.0,1.0,-2.0,0.0,0.0,-1.0,0.0,1.0,0.0,0.0
1,34,Salmon,-1.0,0.0,-2.0,0.0,-1.0,0.0,1.0,-2.0,4.0,-1.0,0.0,-5.0,-1.0,-1.0,2.0,-1.0,6.0,0.0,6.0,-3.0,-1.0,3.0,0.0,-3.0,0.0
2,34,Clown,0.0,-2.0,1.0,0.0,-1.0,0.0,1.0,0.0,-1.0,1.0,0.0,-4.0,0.0,0.0,1.0,0.0,4.0,-2.0,7.0,-2.0,0.0,0.0,0.0,-2.0,-1.0
0,35,Tuna,-1.0,-1.0,-1.0,0.0,1.0,1.0,1.0,1.0,-1.0,-1.0,-3.0,4.0,0.0,1.0,0.0,0.0,1.0,-2.0,0.0,0.0,-1.0,0.0,1.0,0.0,0.0
1,35,Salmon,-2.0,1.0,-2.0,0.0,-1.0,0.0,0.0,-1.0,4.0,-1.0,0.0,-5.0,-1.0,-1.0,2.0,-1.0,6.0,0.0,6.0,-3.0,-1.0,3.0,0.0,-3.0,0.0
2,35,Clown,0.0,-2.0,1.0,0.0,-1.0,0.0,1.0,0.0,-1.0,1.0,0.0,-4.0,0.0,0.0,1.0,0.0,4.0,-2.0,7.0,-2.0,0.0,0.0,0.0,-2.0,-1.0
0,36,Tuna,-1.0,-1.0,-1.0,0.0,0.0,1.0,1.0,1.0,-1.0,0.0,-4.0,4.0,0.0,1.0,0.0,0.0,2.0,-2.0,0.0,0.0,-1.0,0.0,1.0,0.0,0.0
1,36,Salmon,-2.0,1.0,-2.0,0.0,-1.0,0.0,0.0,-1.0,4.0,-1.0,0.0,-5.0,-1.0,-1.0,2.0,-1.0,6.0,0.0,6.0,-3.0,-1.0,3.0,0.0,-4.0,1.0
2,36,Clown,0.0,-2.0,1.0,0.0,-1.0,0.0,1.0,0.0,-1.0,1.0,0.0,-4.0,0.0,0.0,1.0,0.0,4.0,-2.0,7.0,-2.0,0.0,0.0,0.0,-2.0,-1.0
0,37,Tuna,-1.0,-1.0,-1.0,0.0,0.0,1.0,1.0,1.0,-1.0,0.0,-4.0,4.0,0.0,1.0,0.0,0.0,2.0,-2.0,0.0,0.0,-1.0,0.0,1.0,0.0,0.0
1,37,Salmon,-2.0,1.0,-2.0,0.0,-1.0,0.0,0.0,-1.0,4.0,-1.0,0.0,-5.0,-1.0,-1.0,2.0,-1.0,6.0,1.0,7.0,-3.0,0.0,2.0,-1.0,-6.0,2.0
2,37,Clown,0.0,-2.0,1.0,0.0,-1.0,0.0,1.0,0.0,-1.0,1.0,0.0,-4.0,0.0,0.0,1.0,0.0,4.0,-3.0,8.0,-2.0,0.0,0.0,0.0,-2.0,-1.0
0,38,Tuna,-1.0,-1.0,-1.0,0.0,0.0,1.0,1.0,1.0,-1.0,0.0,-4.0,4.0,0.0,1.0,0.0,0.0,2.0,-2.0,0.0,0.0,-1.0,0.0,1.0,0.0,0.0
1,38,Salmon,-2.0,1.0,-2.0,0.0,-1.0,0.0,0.0,-1.0,4.0,-1.0,0.0,-5.0,-1.0,-2.0,3.0,-1.0,6.0,1.0,7.0,-3.0,0.0,2.0,-1.0,-6.0,2.0
2,38,Clown,0.0,-2.0,1.0,0.0,-1.0,0.0,1.0,0.0,-1.0,1.0,0.0,-4.0,0.0,0.0,1.0,0.0,4.0,-3.0,8.0,-2.0,0.0,0.0,0.0,-2.0,-1.0
0,39,Tuna,-1.0,-1.0,-1.0,0.0,0.0,1.0,0.0,1.0,-1.0,0.0,-4.0,5.0,0.0,1.0,0.0,0.0,2.0,-2.0,0.0,0.0,-1.0,0.0,1.0,0.0,0.0
1,39,Salmon,-2.0,1.0,-2.0,0.0,-1.0,0.0,0.0,-1.0,4.0,-1.0,0.0,-5.0,-1.0,-2.0,3.0,-1.0,6.0,1.0,8.0,-4.0,0.0,2.0,-1.0,-6.0,2.0
2,39,Clown,0.0,-2.0,1.0,0.0,-1.0,0.0,1.0,0.0,-1.0,1.0,0.0,-4.0,0.0,0.0,1.0,0.0,4.0,-3.0,8.0,-2.0,0.0,0.0,0.0,-2.0,-1.0
0,40,Tuna,-1.0,-1.0,-1.0,0.0,0.0,1.0,0.0,1.0,-1.0,0.0,-4.0,5.0,0.0,1.0,0.0,0.0,2.0,-2.0,0.0,0.0,-1.0,0.0,1.0,0.0,0.0
1,40,Salmon,-2.0,1.0,-2.0,0.0,-1.0,0.0,0.0,-1.0,4.0,-1.0,0.0,-5.0,-1.0,-2.0,3.0,-1.0,6.0,1.0,8.0,-4.0,0.0,2.0,-1.0,-6.0,2.0
2,40,Clown,0.0,-2.0,1.0,0.0,-1.0,0.0,1.0,0.0,-1.0,1.0,0.0,-4.0,0.0,0.0,1.0,0.0,4.0,-3.0,8.0,-2.0,0.0,0.0,0.0,-1.0,-2.0
0,41,Tuna,-1.0,-1.0,-1.0,0.0,0.0,1.0,0.0,1.0,-1.0,0.0,-4.0,5.0,0.0,1.0,0.0,-2.0,3.0,-2.0,0.0,0.0,0.0,0.0,1.0,0.0,0.0
1,41,Salmon,-2.0,1.0,-2.0,0.0,-1.0,0.0,0.0,-1.0,4.0,-1.0,0.0,-5.0,-1.0,-2.0,3.0,-1.0,6.0,1.0,8.0,-4.0,0.0,3.0,-1.0,-7.0,2.0
2,41,Clown,0.0,-2.0,1.0,0.0,-1.0,0.0,1.0,0.0,-1.0,1.0,0.0,-4.0,0.0,0.0,1.0,0.0,4.0,-3.0,8.0,-2.0,0.0,0.0,0.0,-1.0,-2.0
0,42,Tuna,-1.0,-1.0,-1.0,0.0,0.0,1.0,1.0,1.0,-1.0,0.0,-4.0,4.0,0.0,1.0,0.0,-2.0,3.0,-2.0,0.0,0.0,0.0,0.0,1.0,0.0,0.0
1,42,Salmon,-2.0,1.0,-2.0,0.0,-1.0,0.0,0.0,-1.0,4.0,-1.0,0.0,-5.0,-1.0,-3.0,4.0,-1.0,6.0,1.0,8.0,-4.0,0.0,3.0,-1.0,-7.0,2.0
2,42,Clown,0.0,-2.0,1.0,0.0,-1.0,0.0,1.0,0.0,-1.0,1.0,0.0,-4.0,0.0,0.0,3.0,0.0,4.0,-2.0,8.0,-4.0,0.0,0.0,-1.0,-1.0,-2.0
0,43,Tuna,-1.0,-1.0,-1.0,0.0,0.0,1.0,1.0,1.0,-1.0,0.0,-4.0,4.0,0.0,1.0,0.0,-2.0,3.0,-2.0,0.0,0.0,0.0,0.0,1.0,0.0,0.0
1,43,Salmon,-2.0,1.0,-2.0,0.0,-1.0,0.0,0.0,-1.0,4.0,-1.0,0.0,-5.0,-1.0,-3.0,4.0,-1.0,6.0,1.0,9.0,-5.0,0.0,3.0,-1.0,-7.0,2.0
2,43,Clown,0.0,-2.0,1.0,0.0,-1.0,0.0,1.0,0.0,-1.0,1.0,0.0,-4.0,0.0,0.0,3.0,0.0,4.0,-2.0,9.0,-5.0,0.0,0.0,-1.0,-1.0,-2.0
0,44,Tuna,-1.0,-1.0,-1.0,0.0,0.0,1.0,1.0,1.0,-1.0,0.0,-4.0,4.0,0.0,1.0,0.0,-2.0,3.0,-2.0,0.0,0.0,0.0,0.0,1.0,0.0,0.0
1,44,Salmon,-2.0,1.0,-2.0,0.0,-1.0,0.0,0.0,-1.0,4.0,-1.0,0.0,-5.0,-1.0,-2.0,4.0,-1.0,6.0,1.0,8.0,-5.0,0.0,3.0,-1.0,-7.0,2.0
2,44,Clown,0.0,-2.0,1.0,0.0,-1.0,0.0,1.0,0.0,-1.0,1.0,0.0,-4.0,0.0,0.0,3.0,0.0,4.0,-2.0,9.0,-5.0,0.0,0.0,-1.0,-1.0,-2.0
0,45,Tuna,-1.0,-1.0,-1.0,0.0,0.0,1.0,1.0,1.0,-1.0,0.0,-4.0,4.0,0.0,1.0,0.0,-2.0,3.0,-2.0,0.0,0.0,0.0,0.0,1.0,0.0,0.0
1,45,Salmon,-2.0,1.0,-2.0,0.0,-1.0,0.0,0.0,-2.0,4.0,-1.0,0.0,-5.0,0.0,-1.0,3.0,-1.0,6.0,1.0,8.0,-5.0,0.0,3.0,-1.0,-7.0,2.0
2,45,Clown,0.0,-2.0,1.0,0.0,-1.0,0.0,1.0,0.0,-1.0,1.0,0.0,-4.0,0.0,0.0,3.0,0.0,4.0,-2.0,9.0,-5.0,0.0,0.0,-1.0,-1.0,-2.0
0,46,Tuna,-1.0,-1.0,-1.0,0.0,0.0,1.0,1.0,1.0,-1.0,0.0,-4.0,4.0,0.0,1.0,0.0,-2.0,3.0,-2.0,0.0,0.0,0.0,0.0,1.0,0.0,0.0
1,46,Salmon,-2.0,1.0,-2.0,0.0,-1.0,0.0,0.0,-2.0,4.0,-1.0,0.0,-5.0,0.0,0.0,3.0,-1.0,6.0,1.0,6.0,-5.0,0.0,3.0,-1.0,-6.0,2.0
2,46,Clown,0.0,-2.0,1.0,0.0,-1.0,0.0,1.0,0.0,-1.0,1.0,0.0,-4.0,0.0,0.0,3.0,0.0,4.0,-2.0,9.0,-5.0,0.0,0.0,-1.0,-1.0,-2.0
0,47,Tuna,-1.0,-1.0,-1.0,0.0,1.0,1.0,1.0,1.0,-1.0,-1.0,-4.0,4.0,0.0,1.0,0.0,-2.0,3.0,-2.0,0.0,0.0,0.0,0.0,1.0,0.0,0.0
1,47,Salmon,-2.0,1.0,-2.0,0.0,-1.0,0.0,0.0,-2.0,4.0,-1.0,0.0,-5.0,0.0,0.0,3.0,-2.0,6.0,1.0,6.0,-5.0,2.0,2.0,-1.0,-6.0,2.0
2,47,Clown,0.0,-2.0,1.0,0.0,-1.0,0.0,1.0,0.0,-1.0,1.0,0.0,-4.0,0.0,0.0,3.0,0.0,4.0,-2.0,9.0,-5.0,0.0,0.0,-1.0,-1.0,-2.0
0,48,Tuna,-1.0,-1.0,-1.0,0.0,1.0,1.0,2.0,1.0,-1.0,-1.0,-4.0,3.0,0.0,1.0,0.0,-2.0,3.0,-2.0,0.0,0.0,0.0,0.0,1.0,0.0,0.0
1,48,Salmon,-2.0,1.0,-2.0,0.0,-1.0,0.0,0.0,-2.0,4.0,-1.0,0.0,-5.0,0.0,1.0,2.0,-2.0,6.0,1.0,6.0,-5.0,2.0,2.0,-1.0,-6.0,2.0
2,48,Clown,0.0,-2.0,1.0,0.0,-1.0,0.0,1.0,0.0,-1.0,1.0,0.0,-4.0,0.0,0.0,3.0,0.0,4.0,-2.0,9.0,-5.0,0.0,0.0,-1.0,-1.0,-2.0
0,49,Tuna,-1.0,-1.0,-1.0,0.0,1.0,1.0,2.0,1.0,-1.0,-1.0,-4.0,3.0,0.0,1.0,0.0,-2.0,3.0,-2.0,1.0,-1.0,0.0,0.0,1.0,0.0,0.0
1,49,Salmon,-1.0,0.0,-2.0,0.0,-1.0,0.0,0.0,-2.0,4.0,-1.0,0.0,-5.0,0.0,1.0,2.0,-2.0,6.0,1.0,6.0,-5.0,2.0,2.0,-1.0,-6.0,2.0
2,49,Clown,0.0,-2.0,1.0,0.0,-1.0,0.0,1.0,0.0,-1.0,1.0,0.0,-4.0,0.0,0.0,4.0,0.0,4.0,-2.0,9.0,-6.0,0.0,0.0,-1.0,-1.0,-2.0
0,50,Tuna,-1.0,-1.0,-1.0,0.0,1.0,1.0,2.0,1.0,-1.0,-1.0,-5.0,4.0,0.0,1.0,0.0,-2.0,3.0,-2.0,1.0,-1.0,0.0,0.0,1.0,0.0,0.0
1,50,Salmon,-1.0,0.0,-2.0,0.0,-1.0,0.0,0.0,-2.0,4.0,-1.0,0.0,-5.0,0.0,1.0,2.0,-2.0,6.0,1.0,4.0,-4.0,2.0,2.0,0.0,-5.0,1.0
2,50,Clown,0.0,-2.0,1.0,0.0,-1.0,0.0,1.0,0.0,-1.0,1.0,0.0,-4.0,0.0,0.0,5.0,0.0,4.0,-2.0,9.0,-7.0,0.0,0.0,-1.0,-1.0,-2.0
0,51,Tuna,-1.0,-1.0,-1.0,0.0,1.0,1.0,2.0,1.0,-1.0,-1.0,-5.0,4.0,0.0,1.0,0.0,-2.0,3.0,-2.0,1.0,-1.0,0.0,0.0,1.0,0.0,0.0
1,51,Salmon,-1.0,0.0,-2.0,0.0,-1.0,0.0,0.0,-2.0,4.0,-1.0,0.0,-5.0,0.0,1.0,3.0,-2.0,6.0,1.0,4.0,-5.0,2.0,2.0,-1.0,-4.0,1.0
2,51,Clown,0.0,-2.0,1.0,0.0,-1.0,0.0,1.0,0.0,-1.0,1.0,0.0,-4.0,0.0,0.0,5.0,0.0,4.0,-2.0,9.0,-7.0,0.0,0.0,-1.0,-1.0,-2.0
0,52,Tuna,-1.0,-1.0,-1.0,0.0,1.0,1.0,2.0,1.0,-1.0,-1.0,-5.0,4.0,0.0,1.0,0.0,-2.0,3.0,-2.0,1.0,-1.0,0.0,0.0,1.0,0.0,0.0
1,52,Salmon,-1.0,0.0,-2.0,0.0,-1.0,0.0,0.0,-2.0,4.0,-1.0,0.0,-5.0,0.0,1.0,3.0,-2.0,6.0,1.0,4.0,-5.0,3.0,1.0,-1.0,-4.0,1.0
2,52,Clown,0.0,-2.0,1.0,0.0,-1.0,0.0,1.0,0.0,-1.0,1.0,0.0,-4.0,0.0,0.0,5.0,0.0,4.0,-2.0,9.0,-7.0,0.0,0.0,-1.0,-1.0,-2.0
0,53,Tuna,-1.0,-1.0,-1.0,0.0,1.0,1.0,2.0,1.0,-1.0,-1.0,-5.0,4.0,0.0,1.0,0.0,-2.0,3.0,-2.0,1.0,-1.0,0.0,0.0,1.0,0.0,0.0
1,53,Salmon,-1.0,0.0,-2.0,0.0,-1.0,0.0,0.0,-2.0,4.0,-1.0,0.0,-5.0,0.0,1.0,3.0,-2.0,6.0,1.0,4.0,-5.0,3.0,1.0,-1.0,-3.0,0.0
2,53,Clown,0.0,-2.0,1.0,0.0,-1.0,0.0,1.0,0.0,-1.0,1.0,0.0,-4.0,0.0,0.0,5.0,0.0,4.0,-2.0,9.0,-7.0,0.0,0.0,-1.0,-1.0,-2.0
0,54,Tuna,-1.0,-1.0,-1.0,0.0,2.0,1.0,2.0,1.0,-1.0,-2.0,-5.0,4.0,0.0,1.0,0.0,-2.0,2.0,-1.0,1.0,-1.0,0.0,0.0,1.0,0.0,0.0
1,54,Salmon,-1.0,0.0,-2.0,0.0,-1.0,0.0,0.0,-2.0,4.0,-1.0,0.0,-5.0,0.0,0.0,4.0,-2.0,6.0,1.0,4.0,-5.0,3.0,1.0,-1.0,-3.0,0.0
2,54,Clown,0.0,-2.0,1.0,0.0,-1.0,0.0,1.0,0.0,-1.0,1.0,0.0,-4.0,0.0,0.0,5.0,0.0,4.0,-2.0,9.0,-7.0,0.0,0.0,-1.0,-1.0,-2.0
0,55,Tuna,-1.0,-1.0,-1.0,0.0,2.0,1.0,3.0,1.0,-1.0,-2.0,-5.0,3.0,0.0,1.0,0.0,-2.0,2.0,-1.0,0.0,0.0,0.0,0.0,1.0,0.0,0.0
1,55,Salmon,-1.0,0.0,-2.0,0.0,-1.0,0.0,0.0,-2.0,5.0,-1.0,0.0,-5.0,0.0,-1.0,4.0,-2.0,6.0,1.0,4.0,-5.0,3.0,1.0,-1.0,-3.0,0.0
2,55,Clown,0.0,-2.0,1.0,0.0,-1.0,0.0,1.0,0.0,-1.0,1.0,0.0,-4.0,0.0,0.0,5.0,0.0,4.0,-2.0,9.0,-7.0,0.0,0.0,-1.0,-1.0,-2.0
0,56,Tuna,-1.0,-1.0,-1.0,0.0,2.0,1.0,3.0,1.0,-1.0,-2.0,-5.0,3.0,0.0,1.0,0.0,-2.0,2.0,-1.0,0.0,0.0,0.0,0.0,1.0,0.0,0.0
1,56,Salmon,-1.0,0.0,-2.0,0.0,-1.0,0.0,0.0,-2.0,5.0,-1.0,0.0,-5.0,-1.0,0.0,4.0,-2.0,6.0,1.0,5.0,-6.0,3.0,1.0,0.0,-4.0,0.0
2,56,Clown,0.0,-2.0,1.0,0.0,-1.0,0.0,1.0,0.0,-1.0,1.0,0.0,-4.0,0.0,0.0,5.0,0.0,4.0,-2.0,9.0,-7.0,0.0,0.0,-1.0,-1.0,-2.0
0,57,Tuna,-1.0,-1.0,-1.0,0.0,2.0,1.0,3.0,1.0,-1.0,-2.0,-5.0,3.0,0.0,1.0,0.0,-2.0,2.0,-1.0,0.0,0.0,0.0,0.0,1.0,0.0,0.0
1,57,Salmon,-1.0,0.0,-2.0,0.0,-1.0,0.0,0.0,-2.0,5.0,-1.0,0.0,-5.0,-1.0,0.0,4.0,-2.0,6.0,1.0,5.0,-6.0,3.0,1.0,0.0,-4.0,0.0
2,57,Clown,0.0,-2.0,1.0,0.0,-1.0,0.0,1.0,0.0,-1.0,1.0,0.0,-4.0,0.0,0.0,5.0,0.0,4.0,-2.0,9.0,-7.0,0.0,0.0,-1.0,-1.0,-2.0
0,58,Tuna,-1.0,-1.0,-1.0,0.0,2.0,1.0,3.0,1.0,-1.0,-2.0,-4.0,2.0,0.0,1.0,0.0,-1.0,1.0,-1.0,-1.0,0.0,0.0,0.0,1.0,1.0,0.0
1,58,Salmon,-1.0,0.0,-1.0,0.0,-1.0,0.0,0.0,-3.0,5.0,-1.0,0.0,-5.0,-1.0,1.0,3.0,-2.0,6.0,1.0,5.0,-6.0,3.0,1.0,0.0,-4.0,0.0
2,58,Clown,0.0,-2.0,1.0,0.0,-1.0,0.0,1.0,0.0,-1.0,1.0,0.0,-4.0,0.0,0.0,5.0,0.0,4.0,-2.0,8.0,-6.0,0.0,0.0,0.0,-2.0,-2.0
0,59,Tuna,-1.0,-1.0,-1.0,0.0,2.0,1.0,3.0,1.0,-1.0,-2.0,-4.0,2.0,0.0,1.0,0.0,-1.0,1.0,-1.0,-1.0,0.0,0.0,0.0,1.0,1.0,0.0
1,59,Salmon,-1.0,0.0,-1.0,0.0,-1.0,0.0,0.0,-3.0,5.0,-1.0,0.0,-5.0,0.0,1.0,3.0,-2.0,6.0,1.0,4.0,-6.0,3.0,1.0,0.0,-4.0,0.0
2,59,Clown,0.0,-2.0,1.0,0.0,-1.0,0.0,1.0,0.0,-1.0,1.0,0.0,-4.0,0.0,0.0,5.0,0.0,4.0,-2.0,8.0,-6.0,0.0,0.0,0.0,-2.0,-2.0
0,60,Tuna,-1.0,-1.0,-1.0,0.0,2.0,1.0,3.0,1.0,-1.0,-2.0,-4.0,2.0,0.0,1.0,0.0,-1.0,1.0,-1.0,-1.0,0.0,0.0,0.0,1.0,1.0,0.0
1,60,Salmon,-1.0,0.0,-1.0,0.0,-1.0,0.0,0.0,-3.0,5.0,-1.0,0.0,-5.0,0.0,0.0,3.0,-2.0,6.0,1.0,5.0,-6.0,3.0,1.0,0.0,-4.0,0.0
2,60,Clown,0.0,-2.0,1.0,0.0,-1.0,0.0,1.0,0.0,-1.0,1.0,0.0,-4.0,0.0,0.0,5.0,0.0,4.0,-2.0,8.0,-6.0,0.0,0.0,0.0,-2.0,-2.0
0,61,Tuna,-1.0,-1.0,-1.0,0.0,2.0,1.0,3.0,1.0,-1.0,-2.0,-4.0,2.0,0.0,1.0,0.0,-1.0,1.0,-1.0,-1.0,0.0,0.0,0.0,1.0,1.0,0.0
1,61,Salmon,-1.0,0.0,-1.0,0.0,-1.0,0.0,0.0,-3.0,5.0,-1.0,0.0,-5.0,1.0,-1.0,3.0,-2.0,6.0,1.0,5.0,-6.0,3.0,1.0,1.0,-5.0,0.0
2,61,Clown,0.0,-2.0,1.0,0.0,-1.0,0.0,1.0,0.0,-1.0,1.0,0.0,-4.0,0.0,0.0,5.0,0.0,4.0,-2.0,8.0,-6.0,0.0,0.0,0.0,-2.0,-2.0
0,62,Tuna,-1.0,-1.0,-1.0,0.0,2.0,1.0,3.0,1.0,-1.0,-2.0,-4.0,2.0,0.0,1.0,0.0,-1.0,1.0,-1.0,-1.0,0.0,0.0,0.0,1.0,1.0,0.0
1,62,Salmon,-1.0,0.0,-1.0,0.0,-1.0,0.0,0.0,-2.0,4.0,-1.0,0.0,-5.0,1.0,-1.0,3.0,-2.0,6.0,1.0,5.0,-6.0,3.0,1.0,1.0,-5.0,0.0
2,62,Clown,0.0,-2.0,1.0,0.0,-1.0,0.0,1.0,0.0,-1.0,1.0,0.0,-4.0,0.0,0.0,5.0,0.0,4.0,-2.0,8.0,-6.0,0.0,0.0,1.0,-3.0,-2.0
0,63,Tuna,-1.0,-1.0,-1.0,0.0,2.0,1.0,3.0,1.0,-1.0,-2.0,-4.0,2.0,0.0,1.0,0.0,-1.0,1.0,-1.0,-1.0,0.0,0.0,0.0,1.0,1.0,0.0
1,63,Salmon,-1.0,-1.0,0.0,0.0,-1.0,0.0,0.0,-2.0,4.0,-1.0,0.0,-5.0,1.0,-1.0,3.0,-2.0,6.0,1.0,5.0,-7.0,2.0,2.0,0.0,-4.0,1.0
2,63,Clown,0.0,-2.0,1.0,0.0,-1.0,0.0,1.0,0.0,-1.0,1.0,0.0,-4.0,0.0,0.0,5.0,0.0,4.0,-2.0,8.0,-6.0,0.0,0.0,1.0,-3.0,-2.0
0,64,Tuna,-1.0,-1.0,-1.0,0.0,2.0,1.0,3.0,1.0,-1.0,-2.0,-4.0,2.0,0.0,1.0,0.0,-1.0,1.0,-1.0,-1.0,0.0,0.0,0.0,1.0,1.0,0.0
1,64,Salmon,-1.0,-1.0,0.0,0.0,-1.0,0.0,0.0,-2.0,4.0,-1.0,0.0,-5.0,1.0,-1.0,3.0,-2.0,6.0,1.0,5.0,-7.0,2.0,2.0,0.0,-4.0,1.0
2,64,Clown,0.0,-2.0,1.0,0.0,-1.0,0.0,1.0,0.0,-1.0,1.0,0.0,-4.0,0.0,0.0,5.0,0.0,4.0,-2.0,8.0,-6.0,0.0,0.0,2.0,-4.0,-2.0
0,65,Tuna,-1.0,-1.0,-1.0,0.0,2.0,1.0,3.0,0.0,-1.0,-2.0,-4.0,2.0,1.0,1.0,0.0,-2.0,2.0,-1.0,-1.0,0.0,0.0,0.0,1.0,1.0,0.0
1,65,Salmon,-2.0,0.0,0.0,0.0,-1.0,0.0,0.0,-2.0,4.0,-1.0,0.0,-5.0,1.0,-1.0,3.0,-2.0,6.0,1.0,5.0,-7.0,2.0,2.0,0.0,-4.0,1.0
2,65,Clown,0.0,-2.0,1.0,0.0,-1.0,0.0,1.0,0.0,-1.0,1.0,0.0,-4.0,0.0,0.0,5.0,0.0,4.0,-2.0,8.0,-6.0,0.0,0.0,2.0,-4.0,-2.0
0,66,Tuna,-1.0,-1.0,-1.0,0.0,2.0,1.0,3.0,0.0,-1.0,-2.0,-4.0,2.0,1.0,1.0,0.0,-2.0,2.0,-1.0,-1.0,0.0,0.0,0.0,1.0,1.0,0.0
1,66,Salmon,-2.0,0.0,0.0,0.0,-1.0,0.0,0.0,-2.0,4.0,-1.0,0.0,-5.0,1.0,-1.0,3.0,-2.0,6.0,1.0,4.0,-7.0,2.0,2.0,0.0,-3.0,1.0
2,66,Clown,0.0,-2.0,1.0,0.0,-1.0,0.0,1.0,0.0,-1.0,1.0,0.0,-4.0,0.0,1.0,4.0,0.0,4.0,-2.0,8.0,-6.0,0.0,0.0,2.0,-4.0,-2.0
0,67,Tuna,-1.0,-1.0,-1.0,0.0,2.0,1.0,2.0,0.0,-1.0,-2.0,-4.0,3.0,1.0,1.0,0.0,-2.0,2.0,-1.0,-2.0,0.0,0.0,0.0,1.0,2.0,0.0
1,67,Salmon,-2.0,0.0,0.0,0.0,-1.0,0.0,0.0,-2.0,4.0,-1.0,0.0,-5.0,1.0,-1.0,3.0,-2.0,6.0,1.0,4.0,-7.0,2.0,2.0,0.0,-3.0,1.0
2,67,Clown,0.0,-2.0,1.0,0.0,-1.0,0.0,1.0,0.0,-1.0,1.0,0.0,-4.0,0.0,1.0,4.0,0.0,4.0,-2.0,8.0,-6.0,0.0,0.0,2.0,-4.0,-2.0
0,68,Tuna,-1.0,-1.0,-1.0,0.0,2.0,1.0,2.0,0.0,-1.0,-2.0,-4.0,3.0,1.0,1.0,0.0,-3.0,3.0,-1.0,-2.0,0.0,0.0,0.0,1.0,2.0,0.0
1,68,Salmon,-2.0,0.0,0.0,0.0,-1.0,0.0,0.0,-2.0,4.0,-1.0,0.0,-5.0,1.0,-1.0,3.0,-2.0,6.0,1.0,4.0,-7.0,2.0,2.0,0.0,-3.0,1.0
2,68,Clown,0.0,-2.0,1.0,0.0,-1.0,0.0,1.0,0.0,-1.0,1.0,0.0,-4.0,0.0,1.0,4.0,0.0,4.0,-2.0,8.0,-6.0,0.0,0.0,2.0,-4.0,-2.0
0,69,Tuna,-1.0,-1.0,-1.0,0.0,2.0,1.0,2.0,0.0,-1.0,-2.0,-4.0,3.0,1.0,1.0,0.0,-3.0,3.0,-1.0,-3.0,0.0,0.0,0.0,1.0,3.0,0.0
1,69,Salmon,-2.0,-2.0,2.0,0.0,-1.0,0.0,0.0,-2.0,4.0,-1.0,0.0,-5.0,1.0,-1.0,3.0,-2.0,6.0,1.0,4.0,-7.0,2.0,2.0,0.0,-3.0,1.0
2,69,Clown,0.0,-2.0,1.0,0.0,-1.0,0.0,1.0,0.0,-1.0,1.0,0.0,-4.0,0.0,1.0,4.0,0.0,4.0,-2.0,8.0,-6.0,0.0,0.0,2.0,-4.0,-2.0
0,70,Tuna,-1.0,-1.0,-1.0,0.0,2.0,1.0,2.0,0.0,-1.0,-2.0,-4.0,3.0,1.0,1.0,0.0,-3.0,3.0,-1.0,-3.0,0.0,0.0,0.0,1.0,3.0,0.0
1,70,Salmon,-2.0,-2.0,2.0,0.0,-1.0,0.0,0.0,-2.0,4.0,-1.0,0.0,-5.0,1.0,-1.0,3.0,-2.0,6.0,1.0,4.0,-7.0,2.0,2.0,0.0,-3.0,1.0
2,70,Clown,0.0,-2.0,1.0,0.0,-1.0,0.0,1.0,0.0,-1.0,1.0,0.0,-4.0,0.0,1.0,3.0,0.0,4.0,-2.0,8.0,-5.0,0.0,0.0,2.0,-4.0,-2.0
0,71,Tuna,-1.0,-1.0,-1.0,0.0,2.0,1.0,2.0,0.0,-1.0,-2.0,-4.0,3.0,1.0,1.0,0.0,-3.0,3.0,-1.0,-3.0,0.0,0.0,0.0,1.0,3.0,0.0
1,71,Salmon,-3.0,-1.0,2.0,0.0,-1.0,0.0,0.0,-2.0,4.0,-1.0,0.0,-5.0,1.0,-1.0,3.0,-2.0,6.0,1.0,4.0,-7.0,2.0,2.0,2.0,-5.0,1.0
2,71,Clown,0.0,-2.0,1.0,0.0,-1.0,0.0,1.0,0.0,-1.0,1.0,0.0,-4.0,0.0,1.0,3.0,0.0,4.0,-2.0,8.0,-5.0,0.0,0.0,2.0,-4.0,-2.0
0,72,Tuna,-1.0,-1.0,-1.0,0.0,2.0,1.0,2.0,0.0,-1.0,-3.0,-4.0,3.0,1.0,1.0,1.0,-3.0,3.0,-1.0,-4.0,0.0,0.0,0.0,1.0,4.0,0.0
1,72,Salmon,-3.0,-1.0,2.0,0.0,-1.0,0.0,0.0,-2.0,4.0,-1.0,0.0,-5.0,1.0,-2.0,3.0,-2.0,6.0,1.0,5.0,-7.0,2.0,2.0,2.0,-5.0,1.0
2,72,Clown,0.0,-2.0,1.0,0.0,-1.0,0.0,1.0,0.0,-1.0,1.0,0.0,-4.0,0.0,1.0,3.0,0.0,4.0,-2.0,8.0,-5.0,0.0,0.0,1.0,-3.0,-2.0
0,73,Tuna,-1.0,-1.0,-1.0,0.0,2.0,1.0,2.0,0.0,-1.0,-3.0,-3.0,2.0,1.0,1.0,1.0,-3.0,3.0,-1.0,-4.0,0.0,0.0,1.0,0.0,4.0,0.0
1,73,Salmon,-3.0,-1.0,2.0,0.0,-1.0,0.0,0.0,-2.0,4.0,-1.0,0.0,-5.0,1.0,-2.0,3.0,-2.0,6.0,1.0,5.0,-7.0,2.0,2.0,2.0,-5.0,1.0
2,73,Clown,0.0,-2.0,1.0,0.0,-1.0,0.0,1.0,0.0,-1.0,1.0,0.0,-4.0,0.0,1.0,3.0,0.0,4.0,-2.0,8.0,-5.0,0.0,0.0,1.0,-3.0,-2.0
0,74,Tuna,-1.0,-1.0,-1.0,0.0,2.0,1.0,2.0,0.0,-1.0,-3.0,-3.0,2.0,1.0,1.0,1.0,-3.0,3.0,-1.0,-4.0,0.0,0.0,1.0,0.0,4.0,0.0
1,74,Salmon,-3.0,-1.0,2.0,0.0,-1.0,0.0,0.0,-2.0,4.0,-1.0,0.0,-5.0,1.0,-2.0,3.0,-2.0,6.0,1.0,4.0,-6.0,2.0,2.0,2.0,-5.0,1.0
2,74,Clown,0.0,-2.0,1.0,0.0,-1.0,0.0,1.0,0.0,-1.0,1.0,0.0,-4.0,0.0,1.0,3.0,0.0,4.0,-2.0,8.0,-5.0,0.0,0.0,1.0,-3.0,-2.0
0,75,Tuna,-1.0,-1.0,-1.0,0.0,2.0,1.0,2.0,0.0,-1.0,-3.0,-3.0,2.0,1.0,1.0,1.0,-4.0,4.0,-1.0,-4.0,0.0,0.0,1.0,0.0,4.0,0.0
1,75,Salmon,-3.0,-1.0,2.0,0.0,-1.0,0.0,0.0,-2.0,5.0,-1.0,0.0,-5.0,1.0,-3.0,4.0,-2.0,6.0,1.0,4.0,-7.0,2.0,2.0,3.0,-6.0,1.0
2,75,Clown,0.0,-2.0,1.0,0.0,-1.0,0.0,1.0,0.0,-1.0,1.0,0.0,-4.0,0.0,1.0,3.0,0.0,4.0,-2.0,8.0,-5.0,0.0,0.0,1.0,-3.0,-2.0
0,76,Tuna,-1.0,-1.0,-1.0,0.0,2.0,1.0,3.0,0.0,-1.0,-3.0,-3.0,1.0,1.0,1.0,2.0,-4.0,4.0,-1.0,-4.0,-1.0,0.0,1.0,0.0,4.0,0.0
1,76,Salmon,-3.0,-1.0,2.0,0.0,-1.0,0.0,0.0,-2.0,5.0,-1.0,0.0,-5.0,1.0,-3.0,4.0,-2.0,6.0,1.0,4.0,-7.0,2.0,2.0,3.0,-6.0,1.0
2,76,Clown,0.0,-2.0,1.0,0.0,-1.0,0.0,1.0,0.0,-1.0,1.0,0.0,-4.0,0.0,1.0,3.0,0.0,4.0,-2.0,9.0,-5.0,0.0,0.0,2.0,-5.0,-2.0
0,77,Tuna,-1.0,-1.0,-1.0,0.0,2.0,1.0,4.0,0.0,-1.0,-3.0,-3.0,0.0,1.0,1.0,2.0,-4.0,4.0,-1.0,-4.0,-1.0,0.0,1.0,0.0,4.0,0.0
1,77,Salmon,-3.0,-1.0,2.0,0.0,-1.0,0.0,0.0,-2.0,5.0,-1.0,0.0,-5.0,1.0,-4.0,5.0,-2.0,6.0,1.0,4.0,-7.0,3.0,1.0,3.0,-6.0,1.0
2,77,Clown,0.0,-2.0,1.0,0.0,-1.0,0.0,1.0,0.0,0.0,1.0,0.0,-4.0,0.0,0.0,3.0,0.0,4.0,-2.0,9.0,-5.0,0.0,0.0,2.0,-5.0,-2.0
0,78,Tuna,-1.0,0.0,-2.0,0.0,2.0,1.0,4.0,0.0,-1.0,-3.0,-3.0,0.0,1.0,1.0,2.0,-4.0,4.0,-1.0,-4.0,-1.0,1.0,0.0,0.0,4.0,0.0
1,78,Salmon,-3.0,-1.0,2.0,0.0,-1.0,0.0,0.0,-2.0,5.0,-1.0,0.0,-5.0,1.0,-3.0,5.0,-2.0,6.0,1.0,2.0,-7.0,3.0,1.0,3.0,-5.0,1.0
2,78,Clown,0.0,-2.0,1.0,0.0,-1.0,0.0,1.0,0.0,0.0,1.0,0.0,-4.0,0.0,0.0,3.0,0.0,4.0,-2.0,9.0,-5.0,0.0,0.0,2.0,-5.0,-2.0
0,79,Tuna,-1.0,0.0,-2.0,0.0,2.0,1.0,4.0,0.0,-1.0,-3.0,-3.0,1.0,1.0,1.0,2.0,-4.0,3.0,-1.0,-4.0,-1.0,1.0,0.0,0.0,4.0,0.0
1,79,Salmon,-3.0,-1.0,3.0,0.0,-1.0,0.0,0.0,-3.0,5.0,-1.0,0.0,-5.0,1.0,-4.0,5.0,-2.0,6.0,1.0,2.0,-7.0,3.0,1.0,3.0,-4.0,1.0
2,79,Clown,0.0,-2.0,1.0,0.0,-1.0,0.0,1.0,0.0,0.0,1.0,0.0,-4.0,0.0,0.0,3.0,0.0,4.0,-2.0,9.0,-5.0,0.0,0.0,2.0,-5.0,-2.0
0,80,Tuna,-1.0,0.0,-2.0,0.0,2.0,1.0,4.0,0.0,0.0,-3.0,-3.0,1.0,1.0,0.0,2.0,-4.0,3.0,-2.0,-4.0,-1.0,1.0,0.0,1.0,4.0,0.0
1,80,Salmon,-3.0,-1.0,3.0,0.0,-1.0,0.0,0.0,-3.0,5.0,-1.0,0.0,-5.0,1.0,-4.0,5.0,-2.0,6.0,1.0,3.0,-7.0,3.0,1.0,3.0,-5.0,1.0
2,80,Clown,0.0,-2.0,1.0,0.0,-1.0,0.0,1.0,0.0,0.0,1.0,0.0,-4.0,0.0,1.0,2.0,0.0,4.0,-2.0,9.0,-5.0,0.0,0.0,2.0,-5.0,-2.0
0,81,Tuna,0.0,-1.0,-2.0,0.0,2.0,1.0,4.0,0.0,0.0,-3.0,-4.0,2.0,1.0,0.0,2.0,-5.0,4.0,-2.0,-4.0,-1.0,1.0,0.0,1.0,4.0,0.0
1,81,Salmon,-3.0,-1.0,3.0,0.0,-1.0,0.0,0.0,-3.0,5.0,-1.0,0.0,-5.0,1.0,-3.0,5.0,-2.0,6.0,1.0,2.0,-7.0,3.0,1.0,3.0,-5.0,1.0
2,81,Clown,0.0,-2.0,1.0,0.0,-1.0,0.0,1.0,0.0,0.0,1.0,0.0,-4.0,0.0,1.0,2.0,0.0,4.0,-2.0,9.0,-5.0,0.0,0.0,2.0,-5.0,-2.0
0,82,Tuna,0.0,-1.0,-2.0,0.0,2.0,1.0,3.0,0.0,0.0,-3.0,-4.0,3.0,1.0,0.0,2.0,-5.0,4.0,-2.0,-4.0,-1.0,1.0,0.0,1.0,4.0,0.0
1,82,Salmon,-3.0,-1.0,3.0,0.0,-1.0,0.0,0.0,-3.0,5.0,-1.0,0.0,-5.0,1.0,-3.0,5.0,-2.0,6.0,1.0,2.0,-7.0,3.0,1.0,3.0,-5.0,1.0
2,82,Clown,0.0,-2.0,0.0,1.0,-1.0,0.0,1.0,0.0,0.0,1.0,0.0,-4.0,0.0,1.0,2.0,0.0,4.0,-2.0,9.0,-5.0,0.0,0.0,2.0,-5.0,-2.0
0,83,Tuna,0.0,-1.0,-2.0,0.0,2.0,1.0,3.0,0.0,0.0,-3.0,-4.0,3.0,1.0,0.0,2.0,-5.0,4.0,-2.0,-5.0,-1.0,1.0,0.0,1.0,5.0,0.0
1,83,Salmon,-3.0,-1.0,3.0,0.0,-1.0,0.0,0.0,-3.0,5.0,-1.0,0.0,-5.0,1.0,-3.0,5.0,-2.0,6.0,1.0,1.0,-6.0,3.0,1.0,3.0,-5.0,1.0
2,83,Clown,0.0,-2.0,0.0,1.0,-1.0,0.0,1.0,0.0,0.0,1.0,0.0,-4.0,0.0,1.0,2.0,0.0,4.0,-2.0,9.0,-5.0,0.0,0.0,2.0,-5.0,-2.0
0,84,Tuna,0.0,-1.0,-2.0,0.0,2.0,1.0,3.0,0.0,0.0,-3.0,-4.0,3.0,1.0,0.0,2.0,-5.0,4.0,-2.0,-5.0,-1.0,1.0,0.0,1.0,5.0,0.0
1,84,Salmon,-3.0,-1.0,3.0,0.0,-1.0,0.0,0.0,-4.0,7.0,-1.0,0.0,-5.0,1.0,-4.0,5.0,-2.0,6.0,1.0,1.0,-6.0,3.0,2.0,3.0,-6.0,1.0
2,84,Clown,0.0,-2.0,0.0,1.0,-1.0,0.0,1.0,0.0,0.0,1.0,0.0,-4.0,0.0,1.0,1.0,0.0,4.0,-2.0,9.0,-4.0,0.0,0.0,2.0,-5.0,-2.0
0,85,Tuna,0.0,-1.0,-2.0,0.0,2.0,1.0,3.0,0.0,0.0,-3.0,-3.0,2.0,1.0,0.0,3.0,-5.0,4.0,-2.0,-5.0,-2.0,1.0,0.0,1.0,5.0,0.0
1,85,Salmon,-3.0,-1.0,3.0,0.0,-1.0,0.0,0.0,-4.0,7.0,-1.0,0.0,-5.0,1.0,-4.0,5.0,-2.0,6.0,1.0,1.0,-6.0,3.0,2.0,3.0,-6.0,1.0
2,85,Clown,0.0,-2.0,0.0,1.0,-1.0,0.0,1.0,0.0,0.0,1.0,0.0,-4.0,0.0,1.0,1.0,0.0,4.0,-2.0,9.0,-4.0,0.0,0.0,2.0,-5.0,-2.0
0,86,Tuna,0.0,-1.0,-2.0,0.0,2.0,1.0,3.0,0.0,0.0,-3.0,-3.0,2.0,1.0,0.0,3.0,-4.0,3.0,-2.0,-6.0,-2.0,1.0,0.0,1.0,6.0,0.0
1,86,Salmon,-3.0,-1.0,3.0,0.0,-1.0,0.0,0.0,-4.0,7.0,-1.0,0.0,-5.0,1.0,-4.0,5.0,-2.0,6.0,1.0,1.0,-6.0,3.0,3.0,2.0,-6.0,1.0
2,86,Clown,0.0,-2.0,0.0,1.0,-1.0,0.0,1.0,0.0,0.0,1.0,0.0,-4.0,0.0,1.0,1.0,0.0,4.0,-2.0,8.0,-3.0,0.0,0.0,2.0,-5.0,-2.0
0,87,Tuna,0.0,-1.0,-2.0,0.0,2.0,1.0,3.0,0.0,0.0,-3.0,-4.0,3.0,1.0,0.0,3.0,-4.0,3.0,-2.0,-6.0,-2.0,1.0,0.0,1.0,6.0,0.0
1,87,Salmon,-3.0,-1.0,3.0,0.0,-1.0,0.0,0.0,-5.0,8.0,-1.0,0.0,-5.0,1.0,-5.0,5.0,-2.0,6.0,1.0,2.0,-6.0,3.0,3.0,2.0,-6.0,1.0
2,87,Clown,0.0,-2.0,0.0,1.0,-1.0,0.0,1.0,0.0,0.0,1.0,0.0,-4.0,0.0,1.0,1.0,0.0,4.0,-2.0,8.0,-3.0,0.0,0.0,2.0,-5.0,-2.0
0,88,Tuna,0.0,-1.0,-2.0,0.0,2.0,1.0,3.0,0.0,0.0,-3.0,-4.0,3.0,1.0,0.0,3.0,-4.0,3.0,-2.0,-7.0,-2.0,1.0,0.0,1.0,7.0,0.0
1,88,Salmon,-3.0,-1.0,3.0,0.0,-1.0,0.0,0.0,-6.0,8.0,-1.0,0.0,-5.0,2.0,-5.0,5.0,-2.0,6.0,1.0,1.0,-6.0,3.0,3.0,2.0,-5.0,1.0
2,88,Clown,0.0,-2.0,0.0,1.0,-1.0,0.0,1.0,0.0,0.0,1.0,0.0,-4.0,0.0,1.0,1.0,0.0,4.0,-2.0,8.0,-3.0,0.0,0.0,2.0,-5.0,-2.0
0,89,Tuna,0.0,-1.0,-2.0,0.0,2.0,1.0,3.0,0.0,0.0,-3.0,-4.0,3.0,1.0,0.0,3.0,-4.0,3.0,-2.0,-7.0,-2.0,1.0,0.0,1.0,7.0,0.0
1,89,Salmon,-3.0,-1.0,3.0,0.0,-1.0,0.0,0.0,-6.0,8.0,-1.0,0.0,-5.0,2.0,-5.0,5.0,-2.0,6.0,1.0,1.0,-6.0,3.0,4.0,1.0,-5.0,1.0
2,89,Clown,0.0,-2.0,0.0,1.0,-1.0,0.0,1.0,0.0,0.0,1.0,0.0,-4.0,0.0,1.0,1.0,0.0,4.0,-2.0,8.0,-3.0,0.0,0.0,2.0,-5.0,-2.0
0,90,Tuna,0.0,-1.0,-2.0,0.0,2.0,1.0,3.0,0.0,0.0,-3.0,-4.0,3.0,1.0,0.0,3.0,-4.0,3.0,-3.0,-8.0,-2.0,1.0,0.0,2.0,8.0,0.0
1,90,Salmon,-3.0,-1.0,3.0,0.0,-1.0,0.0,0.0,-6.0,9.0,-1.0,0.0,-5.0,2.0,-6.0,6.0,-2.0,6.0,1.0,0.0,-7.0,3.0,4.0,1.0,-4.0,1.0
2,90,Clown,0.0,-2.0,-1.0,2.0,-1.0,0.0,1.0,0.0,0.0,1.0,0.0,-4.0,0.0,1.0,1.0,0.0,4.0,-2.0,7.0,-2.0,1.0,-1.0,2.0,-5.0,-2.0
0,91,Tuna,0.0,-1.0,-2.0,0.0,2.0,1.0,3.0,0.0,0.0,-3.0,-5.0,4.0,1.0,0.0,3.0,-4.0,3.0,-3.0,-8.0,-2.0,1.0,0.0,2.0,8.0,0.0
1,91,Salmon,-3.0,-1.0,3.0,0.0,-1.0,0.0,0.0,-5.0,8.0,-1.0,0.0,-5.0,2.0,-6.0,6.0,-2.0,6.0,1.0,0.0,-7.0,3.0,4.0,1.0,-4.0,1.0
2,91,Clown,0.0,-2.0,-1.0,2.0,-1.0,0.0,1.0,0.0,1.0,1.0,0.0,-4.0,0.0,0.0,1.0,0.0,4.0,-2.0,7.0,-2.0,1.0,-1.0,2.0,-5.0,-2.0
0,92,Tuna,0.0,-1.0,-2.0,0.0,2.0,1.0,3.0,0.0,0.0,-3.0,-5.0,4.0,1.0,0.0,2.0,-4.0,3.0,-3.0,-8.0,-1.0,1.0,0.0,2.0,8.0,0.0
1,92,Salmon,-3.0,-1.0,3.0,0.0,-1.0,0.0,0.0,-5.0,8.0,-1.0,0.0,-5.0,2.0,-6.0,6.0,-2.0,6.0,1.0,0.0,-7.0,3.0,4.0,1.0,-4.0,1.0
2,92,Clown,0.0,-2.0,-1.0,2.0,-1.0,0.0,1.0,0.0,1.0,1.0,0.0,-4.0,0.0,0.0,1.0,0.0,4.0,-2.0,7.0,-2.0,1.0,-1.0,2.0,-5.0,-2.0
0,93,Tuna,0.0,-1.0,-2.0,0.0,2.0,1.0,3.0,0.0,0.0,-3.0,-5.0,4.0,1.0,0.0,2.0,-4.0,3.0,-3.0,-8.0,-1.0,1.0,0.0,2.0,8.0,0.0
1,93,Salmon,-3.0,-1.0,3.0,0.0,-1.0,0.0,0.0,-5.0,8.0,-1.0,0.0,-5.0,2.0,-6.0,6.0,-2.0,6.0,1.0,0.0,-7.0,3.0,4.0,1.0,-4.0,1.0
2,93,Clown,0.0,-2.0,-1.0,2.0,-1.0,0.0,1.0,0.0,1.0,1.0,0.0,-4.0,0.0,0.0,1.0,0.0,4.0,-2.0,7.0,-2.0,1.0,-1.0,2.0,-5.0,-2.0
0,94,Tuna,0.0,-1.0,-2.0,0.0,2.0,1.0,3.0,0.0,0.0,-3.0,-4.0,3.0,1.0,0.0,2.0,-3.0,2.0,-3.0,-8.0,-1.0,1.0,0.0,2.0,8.0,0.0
1,94,Salmon,-3.0,-1.0,3.0,0.0,-1.0,0.0,0.0,-5.0,8.0,-1.0,0.0,-5.0,2.0,-6.0,6.0,-2.0,6.0,1.0,0.0,-7.0,3.0,4.0,1.0,-4.0,1.0
2,94,Clown,0.0,-2.0,-1.0,2.0,-1.0,0.0,1.0,0.0,1.0,1.0,0.0,-4.0,0.0,0.0,1.0,0.0,4.0,-2.0,7.0,-2.0,1.0,-1.0,2.0,-5.0,-2.0
0,95,Tuna,0.0,-1.0,-2.0,0.0,2.0,1.0,3.0,0.0,0.0,-3.0,-4.0,3.0,1.0,0.0,2.0,-3.0,2.0,-3.0,-8.0,-1.0,1.0,0.0,2.0,8.0,0.0
1,95,Salmon,-3.0,-1.0,2.0,0.0,-1.0,0.0,0.0,-4.0,8.0,-1.0,0.0,-5.0,2.0,-6.0,6.0,-2.0,6.0,1.0,-1.0,-7.0,3.0,4.0,1.0,-3.0,1.0
2,95,Clown,0.0,-2.0,-1.0,2.0,-1.0,0.0,1.0,0.0,1.0,1.0,0.0,-4.0,0.0,0.0,1.0,0.0,4.0,-2.0,7.0,-2.0,1.0,0.0,1.0,-5.0,-2.0
0,96,Tuna,0.0,-1.0,-2.0,0.0,2.0,1.0,3.0,0.0,0.0,-3.0,-4.0,3.0,1.0,0.0,2.0,-3.0,2.0,-3.0,-9.0,-1.0,1.0,0.0,2.0,9.0,0.0
1,96,Salmon,-3.0,-1.0,2.0,0.0,-1.0,0.0,0.0,-4.0,8.0,-1.0,0.0,-5.0,2.0,-6.0,6.0,-2.0,6.0,1.0,-1.0,-7.0,3.0,4.0,1.0,-3.0,1.0
2,96,Clown,0.0,-2.0,-1.0,2.0,-1.0,0.0,2.0,0.0,1.0,1.0,0.0,-5.0,0.0,0.0,1.0,0.0,4.0,-2.0,7.0,-2.0,1.0,0.0,1.0,-5.0,-2.0
0,97,Tuna,0.0,-1.0,-2.0,0.0,2.0,1.0,3.0,0.0,0.0,-3.0,-4.0,3.0,1.0,0.0,2.0,-3.0,2.0,-3.0,-9.0,-1.0,1.0,0.0,2.0,9.0,0.0
1,97,Salmon,-3.0,-1.0,2.0,0.0,-1.0,0.0,0.0,-4.0,8.0,-1.0,0.0,-5.0,2.0,-6.0,6.0,-2.0,6.0,1.0,-1.0,-7.0,3.0,5.0,1.0,-4.0,1.0
2,97,Clown,0.0,-2.0,-1.0,2.0,-1.0,0.0,2.0,1.0,0.0,1.0,0.0,-5.0,0.0,0.0,1.0,0.0,4.0,-2.0,7.0,-2.0,1.0,0.0,1.0,-5.0,-2.0
0,98,Tuna,0.0,-1.0,-2.0,0.0,2.0,1.0,3.0,0.0,0.0,-3.0,-4.0,3.0,1.0,0.0,3.0,-3.0,2.0,-3.0,-9.0,-2.0,1.0,0.0,2.0,9.0,0.0
1,98,Salmon,-3.0,-1.0,2.0,0.0,-1.0,0.0,0.0,-4.0,8.0,-1.0,0.0,-5.0,2.0,-6.0,7.0,-2.0,6.0,1.0,-1.0,-8.0,3.0,5.0,1.0,-4.0,1.0
2,98,Clown,0.0,-2.0,-1.0,2.0,-1.0,0.0,2.0,1.0,0.0,1.0,0.0,-5.0,0.0,0.0,0.0,0.0,4.0,-2.0,7.0,-1.0,1.0,0.0,1.0,-5.0,-2.0
0,99,Tuna,0.0,-1.0,-3.0,0.0,2.0,1.0,3.0,1.0,0.0,-3.0,-4.0,3.0,1.0,0.0,3.0,-3.0,2.0,-3.0,-9.0,-2.0,1.0,0.0,2.0,9.0,0.0
1,99,Salmon,-3.0,-1.0,2.0,0.0,-1.0,0.0,0.0,-3.0,7.0,-1.0,0.0,-5.0,2.0,-7.0,8.0,-2.0,6.0,1.0,-1.0,-8.0,3.0,6.0,0.0,-4.0,1.0
2,99,Clown,0.0,-2.0,-1.0,2.0,-1.0,0.0,2.0,1.0,0.0,1.0,0.0,-5.0,0.0,0.0,0.0,0.0,4.0,-2.0,7.0,-1.0,1.0,0.0,1.0,-5.0,-2.0
0,100,Tuna,0.0,-1.0,-3.0,0.0,2.0,1.0,3.0,1.0,0.0,-3.0,-4.0,3.0,1.0,0.0,3.0,-3.0,2.0,-3.0,-9.0,-2.0,1.0,0.0,2.0,9.0,0.0
1,100,Salmon,-3.0,-2.0,2.0,0.0,-1.0,0.0,1.0,-3.0,7.0,0.0,0.0,-5.0,2.0,-7.0,7.0,-2.0,6.0,1.0,-1.0,-8.0,3.0,6.0,0.0,-4.0,1.0
2,100,Clown,0.0,-2.0,-1.0,2.0,-1.0,0.0,2.0,1.0,0.0,1.0,0.0,-5.0,0.0,0.0,0.0,0.0,4.0,-2.0,7.0,-1.0,1.0,0.0,1.0,-5.0,-2.0
0,101,Tuna,0.0,-1.0,-3.0,0.0,2.0,1.0,3.0,1.0,0.0,-3.0,-4.0,3.0,1.0,0.0,3.0,-3.0,2.0,-3.0,-9.0,-2.0,1.0,0.0,2.0,9.0,0.0
1,101,Salmon,-3.0,-2.0,2.0,0.0,-1.0,0.0,1.0,-3.0,7.0,0.0,0.0,-5.0,2.0,-7.0,7.0,-2.0,6.0,1.0,-1.0,-8.0,3.0,7.0,-1.0,-4.0,1.0
2,101,Clown,0.0,-2.0,-1.0,2.0,-1.0,0.0,2.0,1.0,0.0,1.0,0.0,-5.0,0.0,0.0,0.0,0.0,4.0,-2.0,7.0,-1.0,1.0,0.0,1.0,-5.0,-2.0
0,102,Tuna,0.0,-1.0,-3.0,0.0,2.0,1.0,3.0,1.0,0.0,-3.0,-4.0,3.0,1.0,0.0,3.0,-3.0,2.0,-3.0,-9.0,-2.0,1.0,0.0,2.0,9.0,0.0
1,102,Salmon,-3.0,-2.0,2.0,0.0,-1.0,0.0,1.0,-3.0,7.0,0.0,0.0,-5.0,2.0,-7.0,7.0,-2.0,6.0,1.0,0.0,-9.0,3.0,7.0,-1.0,-4.0,1.0
2,102,Clown,0.0,-2.0,-1.0,2.0,-1.0,0.0,2.0,1.0,0.0,1.0,0.0,-5.0,0.0,0.0,0.0,0.0,4.0,-2.0,7.0,-1.0,1.0,0.0,1.0,-5.0,-2.0
0,103,Tuna,0.0,-1.0,-3.0,0.0,2.0,1.0,3.0,1.0,0.0,-3.0,-4.0,3.0,1.0,0.0,3.0,-3.0,2.0,-3.0,-9.0,-2.0,1.0,0.0,2.0,9.0,0.0
1,103,Salmon,-3.0,-2.0,2.0,0.0,-1.0,0.0,1.0,-3.0,7.0,0.0,0.0,-5.0,2.0,-7.0,7.0,-2.0,6.0,1.0,0.0,-9.0,3.0,8.0,-2.0,-4.0,1.0
2,103,Clown,0.0,-2.0,0.0,1.0,-1.0,0.0,2.0,1.0,0.0,1.0,0.0,-5.0,0.0,0.0,0.0,0.0,4.0,-2.0,7.0,-1.0,1.0,0.0,1.0,-5.0,-2.0
0,104,Tuna,0.0,-1.0,-3.0,0.0,2.0,1.0,3.0,1.0,0.0,-3.0,-4.0,3.0,1.0,0.0,3.0,-3.0,2.0,-3.0,-9.0,-2.0,1.0,0.0,2.0,9.0,0.0
1,104,Salmon,-3.0,-2.0,2.0,0.0,-1.0,0.0,1.0,-3.0,7.0,0.0,0.0,-5.0,2.0,-7.0,7.0,-2.0,6.0,1.0,0.0,-9.0,3.0,8.0,-2.0,-4.0,1.0
2,104,Clown,0.0,-2.0,0.0,1.0,-1.0,0.0,2.0,1.0,0.0,1.0,0.0,-5.0,0.0,0.0,0.0,0.0,4.0,-2.0,7.0,-1.0,1.0,0.0,1.0,-5.0,-2.0
0,105,Tuna,0.0,-1.0,-3.0,0.0,2.0,1.0,3.0,1.0,0.0,-3.0,-4.0,3.0,1.0,0.0,3.0,-3.0,2.0,-3.0,-9.0,-2.0,1.0,2.0,0.0,9.0,0.0
1,105,Salmon,-3.0,-2.0,2.0,0.0,-1.0,0.0,1.0,-2.0,6.0,0.0,0.0,-5.0,2.0,-7.0,7.0,-2.0,6.0,1.0,0.0,-9.0,3.0,8.0,-2.0,-4.0,1.0
2,105,Clown,0.0,-2.0,0.0,1.0,-1.0,0.0,2.0,1.0,0.0,1.0,0.0,-5.0,0.0,0.0,0.0,0.0,4.0,-2.0,7.0,-1.0,1.0,0.0,1.0,-5.0,-2.0
0,106,Tuna,0.0,-1.0,-3.0,0.0,2.0,1.0,3.0,1.0,0.0,-3.0,-4.0,3.0,1.0,0.0,3.0,-3.0,2.0,-3.0,-9.0,-2.0,1.0,2.0,0.0,9.0,0.0
1,106,Salmon,-3.0,-2.0,2.0,0.0,-1.0,0.0,1.0,-2.0,6.0,0.0,0.0,-5.0,2.0,-7.0,7.0,-2.0,6.0,1.0,1.0,-10.0,3.0,9.0,-3.0,-4.0,1.0
2,106,Clown,0.0,-2.0,0.0,1.0,-1.0,0.0,2.0,1.0,0.0,1.0,0.0,-5.0,0.0,0.0,0.0,0.0,4.0,-2.0,7.0,-1.0,1.0,0.0,1.0,-5.0,-2.0
0,107,Tuna,0.0,-1.0,-3.0,0.0,2.0,1.0,3.0,1.0,0.0,-3.0,-3.0,2.0,1.0,0.0,3.0,-3.0,2.0,-3.0,-9.0,-2.0,1.0,2.0,0.0,9.0,0.0
1,107,Salmon,-3.0,-2.0,2.0,0.0,-1.0,0.0,1.0,-2.0,6.0,0.0,0.0,-5.0,2.0,-7.0,7.0,-3.0,7.0,1.0,1.0,-10.0,3.0,9.0,-3.0,-4.0,1.0
2,107,Clown,0.0,-2.0,0.0,1.0,-1.0,0.0,2.0,1.0,0.0,1.0,0.0,-5.0,0.0,0.0,1.0,0.0,4.0,-2.0,7.0,-2.0,2.0,-1.0,1.0,-5.0,-2.0
0,108,Tuna,0.0,-1.0,-3.0,0.0,2.0,1.0,3.0,1.0,0.0,-3.0,-3.0,2.0,1.0,0.0,3.0,-3.0,2.0,-3.0,-9.0,-2.0,1.0,2.0,0.0,9.0,0.0
1,108,Salmon,-3.0,-2.0,2.0,0.0,-1.0,0.0,1.0,-2.0,7.0,0.0,1.0,-5.0,2.0,-8.0,7.0,-4.0,7.0,1.0,1.0,-10.0,3.0,9.0,-3.0,-4.0,1.0
2,108,Clown,0.0,-2.0,0.0,1.0,-1.0,0.0,2.0,1.0,0.0,1.0,0.0,-5.0,0.0,0.0,1.0,0.0,4.0,-2.0,7.0,-2.0,2.0,-1.0,1.0,-5.0,-2.0
0,109,Tuna,0.0,-1.0,-3.0,0.0,2.0,1.0,3.0,1.0,0.0,-3.0,-4.0,3.0,1.0,0.0,3.0,-3.0,2.0,-3.0,-9.0,-2.0,1.0,2.0,0.0,9.0,0.0
1,109,Salmon,-2.0,-3.0,2.0,0.0,-1.0,0.0,1.0,-3.0,8.0,0.0,1.0,-5.0,2.0,-8.0,7.0,-4.0,7.0,1.0,-1.0,-9.0,3.0,9.0,-3.0,-3.0,1.0
2,109,Clown,0.0,-2.0,0.0,1.0,-1.0,0.0,2.0,2.0,-1.0,2.0,0.0,-5.0,0.0,0.0,0.0,0.0,4.0,-2.0,7.0,-2.0,2.0,-1.0,1.0,-5.0,-2.0
0,110,Tuna,0.0,-1.0,-3.0,0.0,2.0,1.0,3.0,1.0,0.0,-3.0,-4.0,3.0,1.0,0.0,3.0,-3.0,2.0,-3.0,-9.0,-2.0,1.0,2.0,0.0,9.0,0.0
1,110,Salmon,-2.0,-3.0,2.0,0.0,-1.0,0.0,1.0,-3.0,8.0,0.0,1.0,-5.0,2.0,-8.0,7.0,-3.0,6.0,1.0,-1.0,-10.0,3.0,9.0,-3.0,-3.0,2.0
2,110,Clown,0.0,-2.0,0.0,1.0,-1.0,0.0,2.0,2.0,-1.0,2.0,0.0,-5.0,0.0,0.0,0.0,0.0,4.0,-2.0,7.0,-2.0,2.0,-1.0,1.0,-5.0,-2.0
0,111,Tuna,0.0,-1.0,-3.0,0.0,2.0,1.0,3.0,1.0,0.0,-3.0,-4.0,3.0,1.0,0.0,3.0,-3.0,2.0,-2.0,-9.0,-2.0,1.0,2.0,-1.0,9.0,0.0
1,111,Salmon,-2.0,-3.0,2.0,0.0,-1.0,0.0,1.0,-3.0,9.0,0.0,1.0,-5.0,2.0,-9.0,7.0,-3.0,6.0,1.0,-1.0,-10.0,3.0,9.0,-3.0,-3.0,2.0
2,111,Clown,0.0,-2.0,1.0,0.0,-1.0,0.0,2.0,2.0,-1.0,2.0,0.0,-5.0,0.0,0.0,0.0,0.0,4.0,-2.0,7.0,-2.0,3.0,-2.0,1.0,-5.0,-2.0
0,112,Tuna,0.0,-1.0,-3.0,0.0,2.0,1.0,3.0,1.0,0.0,-3.0,-4.0,3.0,1.0,0.0,3.0,-3.0,2.0,-2.0,-9.0,-2.0,1.0,2.0,-1.0,9.0,0.0
1,112,Salmon,-2.0,-3.0,2.0,0.0,-1.0,0.0,1.0,-3.0,9.0,0.0,1.0,-5.0,2.0,-9.0,7.0,-5.0,7.0,1.0,-1.0,-10.0,4.0,9.0,-3.0,-3.0,2.0
2,112,Clown,0.0,-2.0,1.0,0.0,-1.0,0.0,2.0,2.0,-1.0,2.0,0.0,-5.0,0.0,0.0,0.0,0.0,4.0,-2.0,7.0,-2.0,3.0,-2.0,0.0,-4.0,-2.0
0,113,Tuna,0.0,-1.0,-3.0,0.0,2.0,1.0,3.0,1.0,0.0,-3.0,-3.0,2.0,1.0,0.0,3.0,-3.0,2.0,-2.0,-9.0,-2.0,1.0,2.0,-1.0,9.0,0.0
1,113,Salmon,-2.0,-3.0,2.0,0.0,-1.0,0.0,1.0,-3.0,9.0,0.0,1.0,-5.0,2.0,-9.0,7.0,-4.0,7.0,1.0,-1.0,-10.0,3.0,10.0,-4.0,-3.0,2.0
2,113,Clown,0.0,-2.0,1.0,0.0,-1.0,0.0,3.0,1.0,-1.0,2.0,0.0,-5.0,0.0,0.0,0.0,0.0,4.0,-2.0,7.0,-2.0,3.0,-2.0,0.0,-4.0,-2.0
0,114,Tuna,0.0,-1.0,-3.0,0.0,2.0,1.0,3.0,1.0,0.0,-3.0,-3.0,2.0,1.0,0.0,3.0,-3.0,2.0,-2.0,-9.0,-2.0,1.0,2.0,-1.0,9.0,0.0
1,114,Salmon,-2.0,-3.0,3.0,0.0,-1.0,0.0,1.0,-4.0,9.0,0.0,1.0,-5.0,2.0,-9.0,7.0,-4.0,7.0,1.0,0.0,-11.0,3.0,10.0,-4.0,-3.0,2.0
2,114,Clown,0.0,-2.0,1.0,0.0,-1.0,0.0,3.0,1.0,-1.0,2.0,0.0,-5.0,0.0,0.0,0.0,0.0,4.0,-2.0,7.0,-2.0,3.0,-2.0,0.0,-4.0,-2.0
0,115,Tuna,0.0,-1.0,-3.0,0.0,2.0,1.0,3.0,1.0,0.0,-3.0,-4.0,3.0,1.0,0.0,3.0,-3.0,2.0,-2.0,-9.0,-2.0,1.0,2.0,-1.0,9.0,0.0
1,115,Salmon,-2.0,-3.0,3.0,0.0,-1.0,0.0,1.0,-4.0,9.0,0.0,1.0,-5.0,2.0,-10.0,7.0,-4.0,7.0,1.0,1.0,-11.0,3.0,10.0,-4.0,-3.0,2.0
2,115,Clown,0.0,-2.0,1.0,0.0,-1.0,0.0,3.0,1.0,-1.0,2.0,0.0,-5.0,0.0,0.0,0.0,0.0,4.0,-2.0,8.0,-3.0,3.0,-2.0,0.0,-4.0,-2.0
0,116,Tuna,0.0,-1.0,-3.0,0.0,2.0,1.0,3.0,1.0,0.0,-3.0,-5.0,4.0,1.0,0.0,3.0,-3.0,2.0,-2.0,-9.0,-2.0,1.0,2.0,-1.0,9.0,0.0
1,116,Salmon,-2.0,-3.0,3.0,0.0,-1.0,0.0,1.0,-4.0,10.0,0.0,1.0,-5.0,2.0,-11.0,7.0,-4.0,7.0,1.0,1.0,-11.0,4.0,10.0,-5.0,-3.0,2.0
2,116,Clown,0.0,-2.0,1.0,0.0,-1.0,0.0,3.0,1.0,-1.0,2.0,0.0,-5.0,0.0,0.0,0.0,0.0,4.0,-2.0,8.0,-3.0,3.0,-2.0,0.0,-4.0,-2.0
0,117,Tuna,0.0,-1.0,-3.0,0.0,2.0,1.0,3.0,1.0,0.0,-3.0,-5.0,4.0,1.0,0.0,3.0,-3.0,2.0,-2.0,-9.0,-2.0,1.0,3.0,-2.0,9.0,0.0
1,117,Salmon,-2.0,-3.0,3.0,0.0,-1.0,0.0,1.0,-4.0,10.0,0.0,1.0,-5.0,2.0,-11.0,7.0,-4.0,7.0,1.0,1.0,-11.0,4.0,10.0,-5.0,-3.0,2.0
2,117,Clown,0.0,-2.0,3.0,-2.0,-1.0,0.0,3.0,1.0,-1.0,2.0,0.0,-5.0,0.0,0.0,0.0,0.0,4.0,-2.0,8.0,-3.0,3.0,-2.0,0.0,-4.0,-2.0
0,118,Tuna,0.0,-1.0,-3.0,0.0,2.0,1.0,3.0,2.0,-1.0,-3.0,-6.0,5.0,1.0,0.0,3.0,-3.0,2.0,-2.0,-9.0,-2.0,1.0,3.0,-2.0,9.0,0.0
1,118,Salmon,-2.0,-3.0,3.0,0.0,-1.0,0.0,1.0,-4.0,10.0,0.0,1.0,-5.0,2.0,-11.0,7.0,-4.0,7.0,1.0,1.0,-11.0,4.0,10.0,-5.0,-3.0,2.0
2,118,Clown,0.0,-2.0,3.0,-2.0,-1.0,0.0,3.0,1.0,-1.0,2.0,0.0,-5.0,0.0,0.0,0.0,0.0,4.0,-2.0,8.0,-3.0,4.0,-3.0,0.0,-4.0,-2.0
0,119,Tuna,0.0,-1.0,-3.0,0.0,2.0,1.0,3.0,2.0,-1.0,-3.0,-6.0,5.0,1.0,0.0,3.0,-3.0,2.0,-2.0,-9.0,-2.0,1.0,3.0,-2.0,9.0,0.0
1,119,Salmon,-2.0,-3.0,3.0,0.0,-1.0,0.0,1.0,-5.0,11.0,0.0,1.0,-5.0,2.0,-11.0,7.0,-4.0,7.0,1.0,1.0,-11.0,4.0,10.0,-5.0,-3.0,2.0
2,119,Clown,0.0,-2.0,3.0,-2.0,-1.0,0.0,3.0,1.0,-1.0,2.0,0.0,-5.0,0.0,0.0,0.0,0.0,4.0,-2.0,8.0,-3.0,4.0,-3.0,0.0,-4.0,-2.0
0,120,Tuna,0.0,-1.0,-3.0,0.0,2.0,1.0,3.0,2.0,-1.0,-3.0,-6.0,5.0,1.0,0.0,3.0,-3.0,2.0,-2.0,-9.0,-2.0,1.0,3.0,-2.0,9.0,0.0
1,120,Salmon,-2.0,-3.0,4.0,0.0,-1.0,0.0,1.0,-6.0,11.0,0.0,1.0,-5.0,2.0,-11.0,7.0,-4.0,7.0,1.0,1.0,-11.0,4.0,10.0,-5.0,-3.0,2.0
2,120,Clown,0.0,-2.0,3.0,-2.0,-1.0,0.0,3.0,1.0,-1.0,2.0,0.0,-5.0,0.0,0.0,0.0,0.0,4.0,-2.0,8.0,-3.0,3.0,-2.0,0.0,-3.0,-3.0
0,121,Tuna,0.0,-1.0,-3.0,0.0,2.0,1.0,3.0,2.0,-1.0,-3.0,-5.0,4.0,1.0,0.0,3.0,-3.0,2.0,-2.0,-9.0,-2.0,1.0,3.0,-2.0,9.0,0.0
1,121,Salmon,-2.0,-3.0,4.0,0.0,-1.0,0.0,1.0,-6.0,11.0,0.0,1.0,-5.0,2.0,-11.0,7.0,-4.0,7.0,1.0,0.0,-11.0,4.0,10.0,-5.0,-2.0,2.0
2,121,Clown,0.0,-2.0,3.0,-2.0,-1.0,0.0,3.0,1.0,-1.0,2.0,0.0,-5.0,0.0,0.0,0.0,0.0,4.0,-2.0,8.0,-3.0,3.0,-2.0,0.0,-3.0,-3.0
0,122,Tuna,0.0,-1.0,-3.0,0.0,2.0,2.0,2.0,2.0,-1.0,-3.0,-5.0,4.0,1.0,0.0,3.0,-3.0,2.0,-2.0,-9.0,-2.0,1.0,3.0,-2.0,9.0,0.0
1,122,Salmon,-2.0,-3.0,4.0,0.0,-1.0,0.0,1.0,-6.0,11.0,0.0,1.0,-5.0,2.0,-11.0,7.0,-4.0,7.0,1.0,0.0,-11.0,4.0,10.0,-5.0,-2.0,2.0
2,122,Clown,0.0,-2.0,3.0,-2.0,-1.0,0.0,3.0,1.0,-1.0,2.0,0.0,-5.0,0.0,1.0,0.0,0.0,4.0,-2.0,7.0,-3.0,3.0,-2.0,0.0,-3.0,-3.0
0,123,Tuna,0.0,-1.0,-3.0,0.0,2.0,2.0,2.0,2.0,-1.0,-3.0,-5.0,4.0,1.0,0.0,3.0,-3.0,1.0,-2.0,-9.0,-2.0,1.0,4.0,-2.0,9.0,0.0
1,123,Salmon,-2.0,-3.0,5.0,0.0,-1.0,0.0,1.0,-6.0,11.0,1.0,1.0,-5.0,2.0,-12.0,6.0,-4.0,7.0,1.0,-1.0,-10.0,4.0,10.0,-5.0,-2.0,2.0
2,123,Clown,0.0,-2.0,3.0,-2.0,-1.0,0.0,3.0,1.0,-1.0,2.0,0.0,-5.0,0.0,1.0,0.0,0.0,4.0,-2.0,7.0,-3.0,3.0,-2.0,0.0,-3.0,-3.0
0,124,Tuna,0.0,-1.0,-3.0,0.0,2.0,2.0,1.0,2.0,-1.0,-3.0,-5.0,5.0,1.0,0.0,3.0,-3.0,1.0,-3.0,-9.0,-2.0,1.0,4.0,-1.0,9.0,0.0
1,124,Salmon,-2.0,-3.0,5.0,0.0,-1.0,0.0,1.0,-5.0,10.0,1.0,1.0,-5.0,2.0,-12.0,6.0,-4.0,7.0,1.0,-1.0,-10.0,4.0,10.0,-5.0,-2.0,2.0
2,124,Clown,0.0,-2.0,3.0,-2.0,-1.0,0.0,3.0,1.0,-1.0,2.0,0.0,-5.0,0.0,1.0,0.0,0.0,4.0,-2.0,7.0,-3.0,3.0,-2.0,0.0,-3.0,-3.0
0,125,Tuna,0.0,-1.0,-3.0,0.0,2.0,2.0,1.0,2.0,-1.0,-3.0,-5.0,5.0,1.0,0.0,3.0,-3.0,1.0,-3.0,-9.0,-2.0,1.0,4.0,-1.0,9.0,0.0
1,125,Salmon,-2.0,-3.0,5.0,0.0,-1.0,0.0,1.0,-5.0,10.0,1.0,1.0,-5.0,2.0,-12.0,6.0,-4.0,7.0,1.0,-1.0,-10.0,4.0,10.0,-5.0,-2.0,2.0
2,125,Clown,0.0,-2.0,3.0,-2.0,-1.0,0.0,4.0,0.0,-1.0,2.0,0.0,-5.0,0.0,1.0,0.0,0.0,4.0,-2.0,7.0,-3.0,3.0,-2.0,0.0,-3.0,-3.0
0,126,Tuna,0.0,-1.0,-3.0,0.0,2.0,2.0,1.0,2.0,-1.0,-3.0,-5.0,5.0,1.0,0.0,3.0,-3.0,1.0,-3.0,-9.0,-2.0,1.0,4.0,-1.0,9.0,0.0
1,126,Salmon,-2.0,-3.0,5.0,0.0,-1.0,0.0,1.0,-4.0,9.0,1.0,1.0,-5.0,2.0,-13.0,6.0,-4.0,7.0,1.0,0.0,-10.0,6.0,10.0,-7.0,-2.0,2.0
2,126,Clown,0.0,-2.0,3.0,-2.0,-1.0,0.0,4.0,0.0,-1.0,2.0,0.0,-5.0,0.0,1.0,0.0,0.0,4.0,-2.0,7.0,-3.0,3.0,-2.0,0.0,-3.0,-3.0
0,127,Tuna,0.0,0.0,-3.0,0.0,2.0,2.0,0.0,2.0,-1.0,-3.0,-5.0,5.0,1.0,0.0,3.0,-4.0,2.0,-3.0,-9.0,-2.0,1.0,4.0,-1.0,9.0,0.0
1,127,Salmon,-2.0,-3.0,5.0,0.0,-1.0,0.0,1.0,-4.0,9.0,1.0,2.0,-5.0,2.0,-13.0,6.0,-5.0,7.0,1.0,0.0,-10.0,6.0,10.0,-7.0,-2.0,2.0
2,127,Clown,0.0,-2.0,3.0,-2.0,-1.0,0.0,4.0,0.0,-1.0,2.0,0.0,-5.0,0.0,1.0,0.0,0.0,4.0,-2.0,7.0,-3.0,3.0,-2.0,0.0,-3.0,-3.0
0,128,Tuna,0.0,0.0,-3.0,0.0,2.0,2.0,0.0,2.0,-1.0,-3.0,-5.0,5.0,1.0,0.0,3.0,-4.0,2.0,-3.0,-9.0,-2.0,1.0,4.0,-1.0,9.0,0.0
1,128,Salmon,-2.0,-3.0,5.0,0.0,-1.0,0.0,1.0,-4.0,9.0,1.0,2.0,-5.0,2.0,-13.0,5.0,-4.0,7.0,1.0,0.0,-9.0,6.0,9.0,-7.0,-2.0,2.0
2,128,Clown,0.0,-2.0,2.0,-2.0,-1.0,0.0,4.0,1.0,-1.0,2.0,0.0,-5.0,0.0,1.0,0.0,0.0,4.0,-2.0,7.0,-3.0,3.0,-2.0,0.0,-3.0,-3.0
0,129,Tuna,0.0,0.0,-3.0,0.0,2.0,2.0,0.0,2.0,-1.0,-3.0,-5.0,5.0,1.0,0.0,3.0,-4.0,2.0,-3.0,-9.0,-2.0,1.0,4.0,-1.0,9.0,0.0
1,129,Salmon,-2.0,-3.0,5.0,0.0,-1.0,0.0,1.0,-4.0,9.0,1.0,2.0,-5.0,2.0,-13.0,5.0,-4.0,7.0,1.0,0.0,-9.0,6.0,10.0,-8.0,-2.0,2.0
2,129,Clown,0.0,-2.0,2.0,-2.0,-1.0,0.0,4.0,1.0,-1.0,2.0,0.0,-5.0,0.0,1.0,0.0,0.0,4.0,-2.0,7.0,-3.0,3.0,-2.0,0.0,-3.0,-3.0
0,130,Tuna,0.0,0.0,-3.0,0.0,2.0,2.0,0.0,2.0,-1.0,-3.0,-5.0,5.0,1.0,0.0,3.0,-5.0,3.0,-3.0,-9.0,-2.0,1.0,4.0,-1.0,9.0,0.0
1,130,Salmon,-2.0,-3.0,5.0,0.0,-1.0,0.0,1.0,-3.0,9.0,1.0,2.0,-5.0,2.0,-14.0,5.0,-4.0,7.0,1.0,-1.0,-8.0,6.0,10.0,-8.0,-2.0,2.0
2,130,Clown,0.0,-2.0,2.0,-2.0,-1.0,0.0,4.0,1.0,-1.0,3.0,0.0,-5.0,0.0,2.0,-1.0,0.0,4.0,-2.0,6.0,-3.0,3.0,-2.0,0.0,-3.0,-3.0
0,131,Tuna,0.0,0.0,-3.0,0.0,2.0,2.0,0.0,2.0,-1.0,-3.0,-5.0,5.0,1.0,0.0,3.0,-5.0,3.0,-3.0,-9.0,-2.0,1.0,4.0,-1.0,9.0,0.0
1,131,Salmon,-2.0,-3.0,5.0,0.0,-1.0,-2.0,3.0,-3.0,9.0,1.0,2.0,-5.0,2.0,-14.0,5.0,-4.0,7.0,1.0,-1.0,-8.0,6.0,11.0,-9.0,-2.0,2.0
2,131,Clown,0.0,-2.0,2.0,-2.0,-1.0,0.0,4.0,1.0,-1.0,3.0,0.0,-5.0,0.0,2.0,-1.0,0.0,4.0,-2.0,6.0,-3.0,3.0,-2.0,0.0,-3.0,-3.0
0,132,Tuna,0.0,0.0,-3.0,0.0,2.0,2.0,0.0,2.0,-1.0,-3.0,-5.0,5.0,1.0,0.0,3.0,-5.0,3.0,-3.0,-9.0,-2.0,1.0,4.0,-1.0,9.0,0.0
1,132,Salmon,-2.0,-3.0,5.0,0.0,-1.0,-2.0,3.0,-3.0,9.0,1.0,2.0,-5.0,2.0,-14.0,5.0,-4.0,7.0,1.0,-2.0,-7.0,6.0,10.0,-8.0,-2.0,2.0
2,132,Clown,0.0,-2.0,2.0,-2.0,-1.0,0.0,4.0,1.0,-1.0,3.0,0.0,-5.0,0.0,2.0,-1.0,1.0,4.0,-2.0,6.0,-3.0,2.0,-2.0,0.0,-3.0,-3.0
0,133,Tuna,0.0,0.0,-3.0,0.0,2.0,2.0,0.0,2.0,-1.0,-3.0,-5.0,5.0,1.0,0.0,3.0,-5.0,3.0,-3.0,-9.0,-2.0,1.0,4.0,-1.0,9.0,0.0
1,133,Salmon,-2.0,-3.0,5.0,0.0,-1.0,-2.0,3.0,-3.0,9.0,1.0,2.0,-5.0,2.0,-14.0,5.0,-4.0,7.0,1.0,-2.0,-7.0,6.0,10.0,-8.0,-2.0,2.0
2,133,Clown,0.0,-2.0,2.0,-2.0,-1.0,0.0,4.0,1.0,-1.0,3.0,0.0,-5.0,0.0,2.0,-1.0,1.0,4.0,-2.0,6.0,-3.0,2.0,-2.0,0.0,-3.0,-3.0
0,134,Tuna,0.0,0.0,-3.0,0.0,2.0,2.0,0.0,2.0,-1.0,-3.0,-5.0,5.0,1.0,0.0,3.0,-5.0,3.0,-3.0,-9.0,-2.0,1.0,5.0,-2.0,9.0,0.0
1,134,Salmon,-3.0,-3.0,6.0,0.0,-1.0,-1.0,3.0,-4.0,9.0,1.0,2.0,-5.0,2.0,-14.0,5.0,-4.0,7.0,1.0,-2.0,-7.0,6.0,10.0,-8.0,-2.0,2.0
2,134,Clown,0.0,-2.0,2.0,-2.0,-1.0,0.0,4.0,1.0,-1.0,3.0,0.0,-5.0,0.0,2.0,-1.0,1.0,4.0,-2.0,6.0,-3.0,2.0,-2.0,0.0,-3.0,-3.0
0,135,Tuna,0.0,0.0,-3.0,0.0,2.0,2.0,0.0,2.0,-1.0,-3.0,-5.0,5.0,1.0,0.0,3.0,-5.0,3.0,-3.0,-9.0,-2.0,1.0,5.0,-2.0,9.0,0.0
1,135,Salmon,-3.0,-3.0,6.0,0.0,-1.0,-1.0,3.0,-4.0,9.0,1.0,2.0,-5.0,2.0,-14.0,5.0,-4.0,7.0,1.0,-2.0,-7.0,6.0,11.0,-9.0,-2.0,2.0
2,135,Clown,0.0,-2.0,2.0,-2.0,-1.0,0.0,4.0,1.0,-1.0,3.0,0.0,-5.0,0.0,2.0,-1.0,1.0,4.0,-2.0,6.0,-3.0,2.0,-2.0,0.0,-3.0,-3.0
0,136,Tuna,0.0,0.0,-2.0,0.0,2.0,2.0,-1.0,1.0,-1.0,-3.0,-5.0,6.0,1.0,0.0,3.0,-5.0,3.0,-3.0,-9.0,-2.0,1.0,5.0,-2.0,9.0,0.0
1,136,Salmon,-3.0,-3.0,6.0,0.0,-1.0,-1.0,3.0,-5.0,10.0,1.0,2.0,-5.0,2.0,-14.0,5.0,-4.0,7.0,1.0,-2.0,-7.0,6.0,11.0,-9.0,-2.0,2.0
2,136,Clown,0.0,-2.0,2.0,-2.0,-1.0,0.0,4.0,2.0,-3.0,4.0,0.0,-5.0,0.0,2.0,-1.0,1.0,4.0,-2.0,6.0,-3.0,2.0,-3.0,1.0,-3.0,-3.0
0,137,Tuna,0.0,0.0,-2.0,-1.0,3.0,2.0,-1.0,1.0,-1.0,-3.0,-4.0,6.0,1.0,0.0,3.0,-6.0,3.0,-3.0,-9.0,-2.0,1.0,5.0,-2.0,9.0,0.0
1,137,Salmon,-3.0,-3.0,6.0,0.0,-1.0,1.0,1.0,-5.0,10.0,1.0,2.0,-5.0,2.0,-14.0,5.0,-4.0,7.0,1.0,-2.0,-7.0,6.0,11.0,-9.0,-3.0,3.0
2,137,Clown,0.0,-2.0,2.0,-2.0,-1.0,0.0,4.0,2.0,-3.0,4.0,0.0,-5.0,0.0,2.0,-1.0,1.0,4.0,-2.0,6.0,-3.0,2.0,-3.0,1.0,-3.0,-3.0
0,138,Tuna,0.0,0.0,-2.0,-1.0,3.0,2.0,-1.0,1.0,-1.0,-3.0,-4.0,6.0,1.0,0.0,3.0,-6.0,3.0,-3.0,-9.0,-2.0,1.0,5.0,-2.0,9.0,0.0
1,138,Salmon,-3.0,-3.0,7.0,0.0,-1.0,1.0,1.0,-6.0,10.0,1.0,2.0,-5.0,2.0,-14.0,5.0,-4.0,7.0,1.0,-2.0,-7.0,5.0,12.0,-9.0,-3.0,3.0
2,138,Clown,0.0,-2.0,2.0,-2.0,-1.0,0.0,4.0,2.0,-3.0,4.0,0.0,-5.0,1.0,2.0,-1.0,1.0,4.0,-3.0,6.0,-3.0,2.0,-3.0,2.0,-4.0,-3.0
0,139,Tuna,1.0,-1.0,-2.0,-1.0,3.0,2.0,-1.0,1.0,-1.0,-3.0,-4.0,7.0,1.0,0.0,3.0,-6.0,2.0,-3.0,-9.0,-2.0,1.0,5.0,-2.0,9.0,0.0
1,139,Salmon,-3.0,-3.0,7.0,0.0,-1.0,1.0,1.0,-6.0,10.0,1.0,2.0,-5.0,2.0,-15.0,5.0,-4.0,7.0,1.0,-1.0,-7.0,6.0,11.0,-9.0,-3.0,3.0
2,139,Clown,0.0,-2.0,2.0,-2.0,-1.0,0.0,4.0,2.0,-3.0,4.0,0.0,-5.0,1.0,2.0,-1.0,1.0,4.0,-3.0,6.0,-3.0,2.0,-3.0,2.0,-4.0,-3.0
0,140,Tuna,1.0,-1.0,-2.0,-1.0,3.0,2.0,-1.0,1.0,-1.0,-3.0,-3.0,6.0,1.0,0.0,3.0,-6.0,2.0,-3.0,-9.0,-2.0,1.0,5.0,-2.0,9.0,0.0
1,140,Salmon,-3.0,-3.0,7.0,0.0,-1.0,1.0,1.0,-6.0,10.0,1.0,2.0,-5.0,2.0,-15.0,5.0,-4.0,7.0,1.0,-1.0,-7.0,6.0,11.0,-9.0,-3.0,3.0
2,140,Clown,0.0,-2.0,2.0,-2.0,-1.0,0.0,4.0,2.0,-3.0,4.0,0.0,-5.0,1.0,2.0,-1.0,1.0,4.0,-3.0,6.0,-3.0,2.0,-3.0,2.0,-4.0,-3.0
0,141,Tuna,1.0,-1.0,-2.0,-1.0,3.0,2.0,-1.0,1.0,-1.0,-3.0,-3.0,6.0,1.0,0.0,3.0,-6.0,2.0,-3.0,-9.0,-2.0,1.0,5.0,-2.0,9.0,0.0
1,141,Salmon,-3.0,-3.0,8.0,0.0,-1.0,1.0,1.0,-7.0,10.0,1.0,2.0,-5.0,2.0,-15.0,5.0,-4.0,7.0,1.0,-1.0,-7.0,6.0,11.0,-9.0,-3.0,3.0
2,141,Clown,0.0,-2.0,2.0,-2.0,-1.0,0.0,5.0,1.0,-3.0,4.0,0.0,-5.0,1.0,2.0,-1.0,1.0,4.0,-3.0,6.0,-3.0,2.0,-3.0,2.0,-4.0,-3.0
0,142,Tuna,1.0,-1.0,-2.0,-1.0,3.0,2.0,-1.0,1.0,-1.0,-3.0,-3.0,6.0,1.0,0.0,3.0,-6.0,2.0,-3.0,-9.0,-2.0,1.0,5.0,-2.0,9.0,0.0
1,142,Salmon,-3.0,-2.0,8.0,0.0,-1.0,1.0,0.0,-6.0,9.0,1.0,2.0,-5.0,2.0,-15.0,5.0,-4.0,7.0,0.0,-1.0,-7.0,6.0,11.0,-8.0,-3.0,3.0
2,142,Clown,0.0,-2.0,3.0,-2.0,-1.0,0.0,5.0,0.0,-3.0,4.0,0.0,-5.0,1.0,2.0,-1.0,1.0,4.0,-3.0,6.0,-3.0,2.0,-3.0,2.0,-4.0,-3.0
0,143,Tuna,2.0,-2.0,-2.0,-1.0,3.0,2.0,-1.0,1.0,-1.0,-3.0,-3.0,6.0,1.0,0.0,3.0,-6.0,2.0,-3.0,-9.0,-2.0,1.0,5.0,-2.0,9.0,0.0
1,143,Salmon,-3.0,-2.0,8.0,0.0,-1.0,1.0,0.0,-6.0,9.0,1.0,2.0,-5.0,2.0,-15.0,5.0,-4.0,7.0,0.0,-1.0,-7.0,6.0,11.0,-8.0,-3.0,3.0
2,143,Clown,0.0,-2.0,3.0,-2.0,-1.0,0.0,5.0,0.0,-3.0,4.0,0.0,-5.0,1.0,2.0,-1.0,2.0,3.0,-3.0,6.0,-3.0,2.0,-3.0,2.0,-4.0,-3.0
0,144,Tuna,2.0,-2.0,-2.0,-1.0,3.0,2.0,-1.0,1.0,-1.0,-3.0,-3.0,6.0,1.0,0.0,3.0,-6.0,2.0,-3.0,-9.0,-2.0,1.0,5.0,-2.0,9.0,0.0
1,144,Salmon,-3.0,-2.0,8.0,0.0,-1.0,1.0,0.0,-6.0,9.0,1.0,2.0,-5.0,2.0,-16.0,5.0,-4.0,7.0,0.0,0.0,-7.0,7.0,10.0,-8.0,-3.0,3.0
2,144,Clown,0.0,-2.0,3.0,-2.0,-1.0,0.0,5.0,0.0,-3.0,4.0,0.0,-5.0,1.0,2.0,-1.0,2.0,3.0,-3.0,6.0,-3.0,2.0,-3.0,2.0,-4.0,-3.0
0,145,Tuna,2.0,-2.0,-2.0,-1.0,3.0,2.0,-1.0,1.0,-1.0,-3.0,-3.0,6.0,1.0,0.0,3.0,-6.0,2.0,-3.0,-9.0,-2.0,1.0,5.0,-2.0,9.0,0.0
1,145,Salmon,-3.0,-2.0,8.0,0.0,-1.0,2.0,0.0,-6.0,9.0,1.0,1.0,-5.0,2.0,-16.0,5.0,-4.0,7.0,0.0,0.0,-7.0,7.0,10.0,-8.0,-3.0,3.0
2,145,Clown,0.0,-2.0,3.0,-2.0,-1.0,0.0,5.0,0.0,-3.0,4.0,0.0,-5.0,1.0,2.0,-1.0,2.0,3.0,-3.0,6.0,-3.0,2.0,-3.0,2.0,-4.0,-3.0
0,146,Tuna,2.0,-2.0,-2.0,-1.0,3.0,2.0,-1.0,1.0,-1.0,-3.0,-3.0,6.0,1.0,0.0,3.0,-6.0,2.0,-3.0,-9.0,-2.0,1.0,5.0,-2.0,9.0,0.0
1,146,Salmon,-3.0,-1.0,8.0,0.0,-1.0,3.0,-2.0,-5.0,8.0,1.0,1.0,-5.0,2.0,-16.0,5.0,-4.0,7.0,0.0,0.0,-7.0,6.0,11.0,-8.0,-3.0,3.0
2,146,Clown,0.0,-2.0,3.0,-2.0,-1.0,1.0,4.0,0.0,-3.0,4.0,0.0,-5.0,1.0,2.0,-1.0,2.0,3.0,-3.0,5.0,-2.0,2.0,-3.0,2.0,-4.0,-3.0
0,147,Tuna,2.0,-2.0,-2.0,-1.0,3.0,2.0,-1.0,1.0,-1.0,-3.0,-3.0,6.0,1.0,0.0,3.0,-6.0,2.0,-3.0,-9.0,-2.0,1.0,5.0,-2.0,9.0,0.0
1,147,Salmon,-3.0,-1.0,8.0,0.0,-1.0,3.0,-2.0,-5.0,7.0,1.0,1.0,-5.0,2.0,-15.0,5.0,-4.0,7.0,0.0,0.0,-8.0,6.0,12.0,-9.0,-3.0,4.0
2,147,Clown,0.0,-2.0,3.0,-2.0,-1.0,1.0,4.0,0.0,-3.0,4.0,0.0,-5.0,1.0,2.0,-1.0,2.0,3.0,-3.0,5.0,-2.0,2.0,-3.0,2.0,-4.0,-3.0
0,148,Tuna,2.0,-2.0,-2.0,-1.0,3.0,2.0,-1.0,1.0,-1.0,-3.0,-3.0,6.0,1.0,0.0,3.0,-6.0,2.0,-3.0,-9.0,-2.0,1.0,5.0,-2.0,9.0,0.0
1,148,Salmon,-2.0,-2.0,8.0,0.0,-1.0,3.0,-2.0,-5.0,7.0,1.0,1.0,-5.0,2.0,-16.0,6.0,-4.0,7.0,0.0,0.0,-8.0,6.0,12.0,-9.0,-3.0,4.0
2,148,Clown,0.0,-2.0,3.0,-2.0,-1.0,1.0,4.0,0.0,-3.0,4.0,0.0,-5.0,1.0,2.0,-1.0,2.0,3.0,-3.0,5.0,-2.0,2.0,-3.0,2.0,-4.0,-3.0
0,149,Tuna,2.0,-2.0,-2.0,-1.0,3.0,2.0,-1.0,1.0,-1.0,-3.0,-3.0,6.0,1.0,0.0,3.0,-6.0,2.0,-3.0,-9.0,-2.0,1.0,5.0,-2.0,9.0,0.0
1,149,Salmon,-2.0,-2.0,8.0,0.0,-1.0,3.0,-2.0,-5.0,7.0,1.0,1.0,-5.0,2.0,-16.0,6.0,-4.0,7.0,0.0,0.0,-8.0,6.0,12.0,-10.0,-2.0,4.0
2,149,Clown,0.0,-2.0,3.0,-2.0,-1.0,1.0,4.0,0.0,-3.0,4.0,0.0,-5.0,1.0,2.0,-1.0,2.0,3.0,-3.0,5.0,-2.0,2.0,-3.0,2.0,-4.0,-3.0
0,150,Tuna,2.0,-1.0,-2.0,-1.0,3.0,2.0,-2.0,1.0,-1.0,-3.0,-3.0,6.0,1.0,0.0,3.0,-6.0,2.0,-3.0,-9.0,-2.0,1.0,5.0,-2.0,9.0,0.0
1,150,Salmon,-2.0,-2.0,8.0,0.0,-1.0,3.0,-2.0,-5.0,7.0,1.0,1.0,-5.0,2.0,-16.0,6.0,-4.0,7.0,0.0,0.0,-8.0,6.0,12.0,-11.0,-1.0,4.0
2,150,Clown,0.0,-2.0,3.0,-2.0,-1.0,1.0,4.0,0.0,-3.0,4.0,0.0,-5.0,1.0,2.0,-1.0,2.0,3.0,-3.0,5.0,-2.0,2.0,-3.0,2.0,-4.0,-3.0
0,151,Tuna,2.0,-1.0,-2.0,-1.0,3.0,2.0,-2.0,1.0,-1.0,-3.0,-3.0,7.0,1.0,0.0,3.0,-7.0,2.0,-3.0,-9.0,-2.0,1.0,5.0,-2.0,9.0,0.0
1,151,Salmon,-2.0,-2.0,8.0,0.0,-1.0,3.0,-2.0,-5.0,6.0,1.0,1.0,-5.0,2.0,-15.0,6.0,-4.0,7.0,0.0,1.0,-10.0,6.0,12.0,-11.0,-1.0,5.0
2,151,Clown,0.0,-2.0,3.0,-2.0,-1.0,1.0,4.0,0.0,-3.0,4.0,0.0,-5.0,1.0,2.0,-1.0,2.0,3.0,-3.0,5.0,-2.0,1.0,-2.0,2.0,-4.0,-3.0
0,152,Tuna,2.0,-1.0,-2.0,-1.0,3.0,2.0,-2.0,1.0,-1.0,-3.0,-3.0,7.0,1.0,0.0,3.0,-7.0,2.0,-3.0,-9.0,-2.0,1.0,5.0,-2.0,9.0,0.0
1,152,Salmon,-2.0,-2.0,9.0,0.0,-1.0,3.0,-2.0,-6.0,6.0,1.0,0.0,-4.0,2.0,-15.0,6.0,-4.0,7.0,0.0,1.0,-10.0,6.0,12.0,-11.0,-1.0,5.0
2,152,Clown,0.0,-2.0,4.0,-2.0,-1.0,1.0,4.0,-1.0,-3.0,4.0,0.0,-5.0,1.0,2.0,-1.0,2.0,3.0,-3.0,5.0,-2.0,1.0,-2.0,2.0,-4.0,-3.0
0,153,Tuna,2.0,-1.0,-2.0,-1.0,3.0,2.0,-2.0,1.0,-1.0,-3.0,-3.0,7.0,1.0,0.0,3.0,-7.0,2.0,-3.0,-9.0,-2.0,1.0,5.0,-2.0,9.0,0.0
1,153,Salmon,-2.0,-2.0,9.0,0.0,-1.0,3.0,-2.0,-6.0,6.0,1.0,0.0,-4.0,2.0,-15.0,6.0,-3.0,6.0,0.0,1.0,-10.0,6.0,12.0,-11.0,-1.0,5.0
2,153,Clown,0.0,-2.0,4.0,-2.0,-1.0,1.0,4.0,-1.0,-3.0,4.0,0.0,-5.0,1.0,2.0,-1.0,2.0,3.0,-3.0,5.0,-2.0,1.0,-2.0,2.0,-4.0,-3.0
0,154,Tuna,2.0,-1.0,-2.0,-1.0,3.0,2.0,-2.0,1.0,-1.0,-3.0,-4.0,8.0,1.0,0.0,3.0,-7.0,2.0,-3.0,-9.0,-2.0,1.0,5.0,-2.0,9.0,0.0
1,154,Salmon,-2.0,-2.0,9.0,0.0,-1.0,3.0,-2.0,-6.0,6.0,1.0,0.0,-4.0,2.0,-15.0,6.0,-2.0,6.0,0.0,1.0,-10.0,5.0,12.0,-10.0,-2.0,5.0
2,154,Clown,0.0,-2.0,4.0,-2.0,-1.0,1.0,4.0,-1.0,-3.0,4.0,0.0,-5.0,1.0,2.0,-1.0,2.0,3.0,-3.0,5.0,-2.0,2.0,-3.0,2.0,-4.0,-3.0
0,155,Tuna,2.0,-1.0,-2.0,-1.0,3.0,2.0,-2.0,1.0,-1.0,-3.0,-3.0,8.0,1.0,0.0,3.0,-8.0,2.0,-3.0,-9.0,-2.0,1.0,5.0,-2.0,9.0,0.0
1,155,Salmon,-2.0,-2.0,9.0,0.0,-1.0,3.0,-2.0,-6.0,6.0,1.0,0.0,-4.0,2.0,-14.0,5.0,-2.0,6.0,0.0,1.0,-10.0,5.0,12.0,-10.0,-2.0,5.0
2,155,Clown,0.0,-2.0,4.0,-2.0,-1.0,1.0,4.0,-1.0,-3.0,4.0,0.0,-5.0,1.0,2.0,-1.0,2.0,3.0,-3.0,5.0,-2.0,2.0,-2.0,1.0,-4.0,-3.0
0,156,Tuna,2.0,-1.0,-2.0,-1.0,3.0,2.0,-2.0,1.0,-1.0,-3.0,-3.0,8.0,1.0,0.0,3.0,-8.0,2.0,-3.0,-9.0,-2.0,1.0,5.0,-2.0,9.0,0.0
1,156,Salmon,-2.0,-3.0,9.0,0.0,-1.0,3.0,-1.0,-7.0,7.0,1.0,0.0,-4.0,2.0,-14.0,5.0,-2.0,6.0,0.0,1.0,-10.0,5.0,12.0,-10.0,-2.0,5.0
2,156,Clown,0.0,-2.0,4.0,-2.0,-1.0,1.0,4.0,-1.0,-3.0,4.0,0.0,-5.0,1.0,2.0,-1.0,2.0,3.0,-3.0,5.0,-2.0,2.0,-2.0,1.0,-4.0,-3.0
0,157,Tuna,2.0,-1.0,-2.0,-1.0,3.0,2.0,-2.0,1.0,-1.0,-3.0,-3.0,8.0,1.0,0.0,3.0,-8.0,2.0,-2.0,-9.0,-2.0,1.0,5.0,-3.0,9.0,0.0
1,157,Salmon,-2.0,-3.0,9.0,0.0,-1.0,2.0,0.0,-7.0,7.0,1.0,0.0,-4.0,2.0,-14.0,5.0,-2.0,6.0,0.0,3.0,-11.0,5.0,12.0,-10.0,-3.0,5.0
2,157,Clown,0.0,-2.0,4.0,-2.0,-1.0,1.0,4.0,-1.0,-3.0,4.0,0.0,-5.0,1.0,2.0,-1.0,2.0,3.0,-3.0,5.0,-2.0,2.0,-2.0,1.0,-4.0,-3.0
0,158,Tuna,2.0,0.0,-1.0,-1.0,3.0,2.0,-3.0,0.0,-1.0,-3.0,-3.0,8.0,1.0,0.0,3.0,-7.0,1.0,-2.0,-9.0,-2.0,1.0,5.0,-2.0,8.0,0.0
1,158,Salmon,-2.0,-3.0,9.0,0.0,-1.0,2.0,1.0,-8.0,7.0,1.0,0.0,-4.0,2.0,-14.0,5.0,-2.0,6.0,0.0,2.0,-11.0,5.0,13.0,-11.0,-2.0,5.0
2,158,Clown,0.0,-2.0,4.0,-2.0,-1.0,1.0,4.0,-1.0,-3.0,4.0,0.0,-5.0,1.0,2.0,-1.0,2.0,3.0,-3.0,5.0,-2.0,2.0,-2.0,2.0,-5.0,-3.0
0,159,Tuna,2.0,0.0,-1.0,-1.0,3.0,2.0,-3.0,0.0,-1.0,-3.0,-4.0,8.0,1.0,0.0,3.0,-6.0,1.0,-2.0,-9.0,-2.0,1.0,5.0,-2.0,8.0,0.0
1,159,Salmon,-2.0,-2.0,9.0,0.0,-1.0,2.0,0.0,-8.0,7.0,1.0,0.0,-4.0,2.0,-14.0,5.0,-2.0,6.0,0.0,3.0,-12.0,6.0,12.0,-11.0,-2.0,5.0
2,159,Clown,0.0,-2.0,4.0,-2.0,-1.0,1.0,4.0,-1.0,-3.0,4.0,0.0,-5.0,1.0,2.0,-1.0,2.0,3.0,-3.0,5.0,-2.0,2.0,-2.0,2.0,-5.0,-3.0
0,160,Tuna,2.0,0.0,-1.0,-1.0,3.0,3.0,-4.0,0.0,-1.0,-3.0,-4.0,8.0,1.0,0.0,3.0,-6.0,1.0,-2.0,-9.0,-2.0,1.0,5.0,-2.0,8.0,0.0
1,160,Salmon,-2.0,-2.0,9.0,0.0,-1.0,2.0,0.0,-8.0,7.0,1.0,0.0,-4.0,2.0,-14.0,5.0,-3.0,7.0,0.0,3.0,-12.0,6.0,12.0,-11.0,-2.0,5.0
2,160,Clown,0.0,-2.0,5.0,-2.0,-1.0,1.0,4.0,-2.0,-3.0,4.0,0.0,-5.0,1.0,2.0,-1.0,2.0,3.0,-3.0,5.0,-2.0,2.0,-2.0,2.0,-5.0,-3.0
0,161,Tuna,2.0,0.0,-1.0,-1.0,3.0,3.0,-4.0,0.0,-1.0,-3.0,-3.0,8.0,1.0,0.0,3.0,-7.0,1.0,-2.0,-9.0,-2.0,1.0,5.0,-2.0,9.0,-1.0
1,161,Salmon,-2.0,-2.0,9.0,0.0,-1.0,2.0,0.0,-8.0,6.0,1.0,0.0,-4.0,2.0,-13.0,5.0,-3.0,7.0,0.0,2.0,-12.0,6.0,12.0,-11.0,-1.0,5.0
2,161,Clown,0.0,-2.0,5.0,-2.0,-1.0,1.0,4.0,-2.0,-3.0,4.0,0.0,-5.0,1.0,2.0,-1.0,2.0,3.0,-3.0,5.0,-2.0,2.0,-2.0,2.0,-5.0,-3.0
0,162,Tuna,2.0,0.0,-1.0,-1.0,3.0,3.0,-4.0,0.0,-1.0,-3.0,-3.0,8.0,1.0,0.0,3.0,-7.0,1.0,-2.0,-9.0,-2.0,1.0,5.0,-2.0,9.0,-1.0
1,162,Salmon,-2.0,-2.0,9.0,0.0,-1.0,2.0,0.0,-8.0,6.0,1.0,1.0,-5.0,2.0,-13.0,5.0,-3.0,7.0,0.0,2.0,-12.0,6.0,12.0,-10.0,-2.0,5.0
2,162,Clown,0.0,-2.0,5.0,-2.0,-1.0,1.0,4.0,-2.0,-3.0,4.0,0.0,-5.0,1.0,2.0,-1.0,2.0,3.0,-3.0,5.0,-2.0,2.0,-2.0,2.0,-5.0,-3.0
0,163,Tuna,2.0,0.0,-1.0,-1.0,3.0,3.0,-4.0,0.0,-1.0,-3.0,-3.0,8.0,1.0,0.0,3.0,-7.0,1.0,-2.0,-9.0,-2.0,1.0,5.0,-2.0,9.0,-1.0
1,163,Salmon,-2.0,-2.0,9.0,0.0,-1.0,2.0,0.0,-8.0,6.0,1.0,1.0,-5.0,2.0,-13.0,5.0,-3.0,7.0,0.0,2.0,-12.0,6.0,12.0,-10.0,-2.0,5.0
2,163,Clown,0.0,-2.0,5.0,-2.0,-1.0,1.0,4.0,-2.0,-3.0,4.0,0.0,-5.0,1.0,2.0,-1.0,2.0,3.0,-3.0,5.0,-2.0,2.0,-2.0,2.0,-5.0,-3.0
0,164,Tuna,2.0,0.0,-1.0,-1.0,3.0,3.0,-4.0,0.0,-1.0,-3.0,-3.0,9.0,1.0,0.0,3.0,-7.0,0.0,-2.0,-9.0,-2.0,1.0,5.0,-2.0,9.0,-1.0
1,164,Salmon,-2.0,-2.0,9.0,0.0,-1.0,2.0,0.0,-8.0,6.0,1.0,1.0,-5.0,2.0,-13.0,5.0,-3.0,7.0,0.0,2.0,-12.0,6.0,12.0,-10.0,-2.0,5.0
2,164,Clown,0.0,-2.0,6.0,-2.0,-1.0,1.0,4.0,-3.0,-3.0,4.0,0.0,-5.0,1.0,2.0,-1.0,2.0,3.0,-3.0,5.0,-2.0,2.0,-2.0,2.0,-5.0,-3.0
0,165,Tuna,2.0,0.0,-1.0,-1.0,3.0,3.0,-4.0,0.0,-1.0,-3.0,-3.0,9.0,1.0,0.0,3.0,-7.0,-1.0,-2.0,-8.0,-3.0,1.0,6.0,-2.0,9.0,-1.0
1,165,Salmon,-2.0,-2.0,9.0,0.0,-1.0,2.0,0.0,-8.0,6.0,1.0,2.0,-5.0,2.0,-13.0,5.0,-4.0,7.0,0.0,2.0,-12.0,6.0,11.0,-9.0,-2.0,5.0
2,165,Clown,0.0,-2.0,6.0,-2.0,-1.0,1.0,4.0,-3.0,-3.0,4.0,0.0,-5.0,1.0,2.0,-1.0,2.0,3.0,-3.0,5.0,-2.0,2.0,-2.0,2.0,-5.0,-3.0
0,166,Tuna,2.0,0.0,-1.0,-1.0,3.0,3.0,-4.0,0.0,-1.0,-3.0,-3.0,9.0,1.0,0.0,3.0,-7.0,-1.0,-2.0,-8.0,-3.0,1.0,6.0,-2.0,9.0,-1.0
1,166,Salmon,-2.0,-2.0,9.0,0.0,-1.0,2.0,0.0,-8.0,6.0,1.0,2.0,-5.0,2.0,-13.0,5.0,-4.0,7.0,0.0,2.0,-12.0,6.0,11.0,-9.0,-2.0,5.0
2,166,Clown,0.0,-2.0,6.0,-2.0,-1.0,1.0,4.0,-3.0,-3.0,4.0,0.0,-5.0,1.0,2.0,-1.0,2.0,3.0,-3.0,5.0,-2.0,2.0,-2.0,2.0,-5.0,-3.0
0,167,Tuna,2.0,0.0,-1.0,-1.0,3.0,3.0,-4.0,0.0,-1.0,-3.0,-3.0,9.0,1.0,0.0,3.0,-7.0,-1.0,-2.0,-8.0,-3.0,1.0,6.0,-2.0,9.0,-1.0
1,167,Salmon,-2.0,-2.0,9.0,0.0,-1.0,2.0,0.0,-8.0,6.0,1.0,2.0,-5.0,2.0,-14.0,5.0,-4.0,7.0,0.0,4.0,-13.0,6.0,11.0,-9.0,-2.0,5.0
2,167,Clown,0.0,-2.0,6.0,-2.0,-1.0,1.0,4.0,-3.0,-3.0,4.0,0.0,-5.0,1.0,2.0,-1.0,2.0,3.0,-3.0,5.0,-2.0,2.0,-2.0,2.0,-5.0,-3.0
0,168,Tuna,2.0,0.0,-1.0,-1.0,3.0,3.0,-4.0,0.0,-1.0,-3.0,-3.0,10.0,1.0,0.0,3.0,-7.0,-2.0,-2.0,-8.0,-3.0,1.0,6.0,-2.0,9.0,-1.0
1,168,Salmon,-1.0,-3.0,9.0,0.0,-1.0,2.0,0.0,-8.0,6.0,1.0,1.0,-4.0,2.0,-14.0,5.0,-4.0,7.0,0.0,4.0,-13.0,6.0,11.0,-9.0,-2.0,5.0
2,168,Clown,0.0,-2.0,7.0,-2.0,-1.0,2.0,3.0,-4.0,-3.0,4.0,0.0,-5.0,1.0,2.0,-1.0,2.0,3.0,-3.0,5.0,-2.0,2.0,-2.0,2.0,-5.0,-3.0
0,169,Tuna,2.0,0.0,-1.0,-1.0,3.0,3.0,-4.0,0.0,-1.0,-3.0,-2.0,9.0,1.0,0.0,3.0,-7.0,-2.0,-2.0,-8.0,-3.0,2.0,5.0,-2.0,9.0,-1.0
1,169,Salmon,0.0,-4.0,9.0,0.0,-1.0,2.0,-1.0,-8.0,6.0,1.0,1.0,-3.0,2.0,-14.0,5.0,-4.0,7.0,0.0,4.0,-13.0,6.0,11.0,-9.0,-2.0,5.0
2,169,Clown,0.0,-2.0,7.0,-2.0,-1.0,2.0,3.0,-4.0,-3.0,4.0,0.0,-5.0,1.0,2.0,-1.0,2.0,3.0,-3.0,5.0,-2.0,2.0,-2.0,2.0,-5.0,-3.0
0,170,Tuna,2.0,0.0,-1.0,-1.0,3.0,3.0,-4.0,0.0,-1.0,-3.0,-2.0,9.0,1.0,0.0,3.0,-7.0,-2.0,-2.0,-8.0,-3.0,2.0,5.0,-2.0,9.0,-1.0
1,170,Salmon,0.0,-5.0,9.0,0.0,-1.0,2.0,0.0,-8.0,6.0,1.0,1.0,-3.0,2.0,-14.0,5.0,-5.0,8.0,0.0,4.0,-13.0,6.0,11.0,-9.0,-2.0,5.0
2,170,Clown,0.0,-2.0,7.0,-2.0,-1.0,2.0,3.0,-4.0,-3.0,4.0,0.0,-5.0,1.0,2.0,-1.0,2.0,3.0,-3.0,5.0,-2.0,2.0,-2.0,2.0,-5.0,-3.0
0,171,Tuna,2.0,0.0,-1.0,-1.0,3.0,3.0,-4.0,0.0,-1.0,-3.0,-2.0,9.0,1.0,0.0,3.0,-7.0,-2.0,-2.0,-8.0,-3.0,2.0,5.0,-2.0,9.0,-1.0
1,171,Salmon,0.0,-5.0,9.0,0.0,-1.0,2.0,0.0,-8.0,6.0,1.0,1.0,-3.0,2.0,-14.0,5.0,-5.0,8.0,0.0,4.0,-13.0,6.0,11.0,-9.0,-2.0,5.0
2,171,Clown,0.0,-2.0,8.0,-2.0,-1.0,2.0,3.0,-5.0,-3.0,4.0,0.0,-5.0,1.0,2.0,-1.0,2.0,3.0,-3.0,5.0,-2.0,2.0,-2.0,2.0,-5.0,-3.0
0,172,Tuna,2.0,0.0,-1.0,-1.0,3.0,3.0,-4.0,0.0,-1.0,-3.0,-1.0,8.0,1.0,0.0,3.0,-6.0,-3.0,-2.0,-8.0,-3.0,2.0,5.0,-2.0,9.0,-1.0
1,172,Salmon,0.0,-5.0,9.0,0.0,-1.0,2.0,-1.0,-8.0,7.0,1.0,2.0,-2.0,2.0,-15.0,5.0,-6.0,8.0,0.0,4.0,-13.0,6.0,11.0,-9.0,-2.0,5.0
2,172,Clown,0.0,-2.0,9.0,-2.0,-1.0,2.0,3.0,-6.0,-3.0,4.0,0.0,-5.0,1.0,2.0,-1.0,2.0,3.0,-3.0,5.0,-2.0,3.0,-3.0,2.0,-5.0,-3.0
0,173,Tuna,1.0,1.0,-1.0,-1.0,3.0,4.0,-5.0,0.0,-1.0,-3.0,-1.0,8.0,1.0,0.0,3.0,-6.0,-3.0,-2.0,-8.0,-3.0,2.0,5.0,-2.0,9.0,-1.0
1,173,Salmon,0.0,-5.0,9.0,0.0,-1.0,2.0,-1.0,-8.0,7.0,1.0,2.0,-2.0,2.0,-15.0,5.0,-6.0,8.0,0.0,4.0,-13.0,6.0,11.0,-9.0,-2.0,5.0
2,173,Clown,0.0,-2.0,9.0,-2.0,-1.0,2.0,3.0,-6.0,-3.0,4.0,0.0,-5.0,1.0,2.0,-1.0,2.0,3.0,-3.0,5.0,-2.0,3.0,-3.0,2.0,-5.0,-3.0
0,174,Tuna,0.0,2.0,-1.0,-1.0,3.0,4.0,-5.0,0.0,-1.0,-3.0,-1.0,8.0,1.0,0.0,3.0,-6.0,-3.0,-2.0,-8.0,-3.0,2.0,5.0,-1.0,8.0,-1.0
1,174,Salmon,0.0,-5.0,9.0,0.0,-1.0,2.0,-1.0,-8.0,7.0,1.0,2.0,-2.0,2.0,-15.0,5.0,-6.0,8.0,0.0,4.0,-13.0,6.0,11.0,-10.0,-1.0,5.0
2,174,Clown,0.0,-2.0,9.0,-2.0,-1.0,2.0,3.0,-6.0,-3.0,4.0,0.0,-5.0,1.0,2.0,-1.0,2.0,3.0,-3.0,5.0,-2.0,3.0,-2.0,1.0,-5.0,-3.0
0,175,Tuna,0.0,2.0,-1.0,-1.0,3.0,4.0,-5.0,0.0,-1.0,-3.0,-1.0,8.0,1.0,0.0,3.0,-6.0,-3.0,-2.0,-8.0,-3.0,2.0,5.0,-1.0,8.0,-1.0
1,175,Salmon,0.0,-5.0,9.0,0.0,-1.0,2.0,-1.0,-8.0,7.0,1.0,2.0,-2.0,2.0,-15.0,5.0,-6.0,8.0,0.0,4.0,-13.0,6.0,11.0,-10.0,-2.0,6.0
2,175,Clown,0.0,-2.0,9.0,-2.0,-1.0,2.0,3.0,-6.0,-3.0,4.0,0.0,-5.0,1.0,2.0,-1.0,2.0,3.0,-3.0,5.0,-2.0,3.0,-2.0,1.0,-5.0,-3.0
0,176,Tuna,0.0,2.0,-1.0,-1.0,3.0,4.0,-5.0,0.0,-1.0,-3.0,0.0,7.0,1.0,0.0,3.0,-6.0,-3.0,-2.0,-8.0,-3.0,2.0,5.0,-1.0,8.0,-1.0
1,176,Salmon,0.0,-5.0,9.0,0.0,-1.0,2.0,-1.0,-8.0,7.0,1.0,3.0,-2.0,3.0,-15.0,5.0,-7.0,8.0,0.0,3.0,-13.0,6.0,11.0,-10.0,-2.0,6.0
2,176,Clown,0.0,-2.0,9.0,-2.0,-1.0,2.0,3.0,-6.0,-3.0,4.0,0.0,-5.0,1.0,2.0,-1.0,2.0,3.0,-3.0,5.0,-2.0,3.0,-2.0,1.0,-5.0,-3.0
0,177,Tuna,0.0,2.0,-1.0,-1.0,3.0,4.0,-5.0,0.0,-1.0,-3.0,0.0,7.0,1.0,0.0,3.0,-6.0,-3.0,-2.0,-8.0,-3.0,2.0,5.0,-1.0,8.0,-1.0
1,177,Salmon,0.0,-5.0,9.0,0.0,-1.0,2.0,-1.0,-8.0,7.0,1.0,3.0,-2.0,3.0,-15.0,5.0,-6.0,7.0,0.0,3.0,-13.0,6.0,11.0,-10.0,-2.0,6.0
2,177,Clown,1.0,-2.0,9.0,-2.0,-1.0,2.0,2.0,-6.0,-3.0,4.0,0.0,-4.0,1.0,2.0,-1.0,2.0,2.0,-3.0,5.0,-2.0,3.0,-2.0,1.0,-5.0,-3.0
0,178,Tuna,0.0,2.0,-1.0,-1.0,3.0,4.0,-5.0,0.0,-1.0,-3.0,1.0,7.0,1.0,0.0,3.0,-7.0,-3.0,-2.0,-8.0,-3.0,2.0,5.0,-1.0,8.0,-1.0
1,178,Salmon,0.0,-5.0,9.0,0.0,-1.0,2.0,-1.0,-8.0,7.0,1.0,3.0,-2.0,3.0,-15.0,4.0,-6.0,7.0,0.0,2.0,-12.0,6.0,11.0,-10.0,-1.0,6.0
2,178,Clown,1.0,-2.0,9.0,-2.0,-1.0,2.0,3.0,-6.0,-3.0,4.0,0.0,-5.0,1.0,2.0,-1.0,2.0,2.0,-3.0,5.0,-2.0,3.0,-2.0,1.0,-5.0,-3.0
0,179,Tuna,0.0,2.0,-1.0,-1.0,3.0,4.0,-5.0,0.0,-1.0,-3.0,1.0,7.0,1.0,0.0,3.0,-7.0,-3.0,-2.0,-8.0,-3.0,2.0,5.0,-1.0,8.0,-1.0
1,179,Salmon,0.0,-5.0,9.0,0.0,-1.0,2.0,-1.0,-8.0,7.0,1.0,3.0,-2.0,3.0,-15.0,4.0,-6.0,7.0,0.0,2.0,-12.0,6.0,11.0,-10.0,-1.0,6.0
2,179,Clown,1.0,-2.0,9.0,-2.0,-1.0,2.0,3.0,-6.0,-3.0,4.0,0.0,-5.0,1.0,2.0,-1.0,2.0,2.0,-3.0,5.0,-2.0,3.0,-2.0,1.0,-5.0,-3.0
0,180,Tuna,0.0,2.0,-1.0,-1.0,3.0,4.0,-5.0,0.0,-1.0,-3.0,1.0,7.0,1.0,0.0,3.0,-7.0,-3.0,-2.0,-8.0,-3.0,2.0,5.0,-1.0,8.0,-1.0
1,180,Salmon,0.0,-5.0,9.0,0.0,-1.0,2.0,-1.0,-8.0,7.0,1.0,3.0,-2.0,3.0,-15.0,4.0,-6.0,7.0,0.0,2.0,-12.0,6.0,11.0,-10.0,-1.0,6.0
2,180,Clown,1.0,-2.0,9.0,-2.0,-1.0,2.0,3.0,-6.0,-3.0,4.0,0.0,-5.0,1.0,2.0,-1.0,2.0,2.0,-3.0,5.0,-2.0,3.0,-2.0,1.0,-5.0,-3.0
0,181,Tuna,0.0,2.0,-1.0,-1.0,3.0,4.0,-5.0,0.0,-1.0,-3.0,1.0,7.0,1.0,0.0,3.0,-7.0,-4.0,-1.0,-8.0,-3.0,2.0,5.0,0.0,7.0,-1.0
1,181,Salmon,0.0,-5.0,9.0,0.0,-1.0,2.0,-1.0,-8.0,7.0,1.0,3.0,-2.0,3.0,-15.0,4.0,-5.0,7.0,0.0,2.0,-12.0,5.0,11.0,-10.0,-1.0,6.0
2,181,Clown,1.0,-2.0,9.0,-2.0,-1.0,2.0,3.0,-6.0,-3.0,4.0,0.0,-5.0,1.0,2.0,-1.0,2.0,2.0,-3.0,5.0,-2.0,3.0,-2.0,1.0,-5.0,-3.0
0,182,Tuna,0.0,2.0,-1.0,-1.0,3.0,4.0,-5.0,0.0,-1.0,-3.0,0.0,8.0,1.0,0.0,3.0,-7.0,-4.0,-1.0,-8.0,-3.0,3.0,4.0,0.0,7.0,-1.0
1,182,Salmon,0.0,-5.0,9.0,0.0,-1.0,2.0,-1.0,-8.0,7.0,1.0,3.0,-2.0,3.0,-15.0,4.0,-5.0,7.0,0.0,2.0,-12.0,5.0,12.0,-10.0,-2.0,6.0
2,182,Clown,1.0,-2.0,9.0,-2.0,-1.0,2.0,3.0,-6.0,-3.0,4.0,0.0,-5.0,1.0,2.0,-1.0,2.0,2.0,-3.0,5.0,-2.0,3.0,-2.0,1.0,-5.0,-3.0
0,183,Tuna,0.0,2.0,-1.0,-1.0,3.0,4.0,-5.0,0.0,-1.0,-3.0,0.0,8.0,1.0,0.0,3.0,-7.0,-4.0,-1.0,-8.0,-3.0,3.0,4.0,0.0,7.0,-1.0
1,183,Salmon,0.0,-5.0,9.0,0.0,-1.0,2.0,-1.0,-7.0,7.0,1.0,3.0,-2.0,2.0,-15.0,4.0,-5.0,8.0,0.0,2.0,-12.0,4.0,12.0,-10.0,-2.0,6.0
2,183,Clown,1.0,-2.0,9.0,-2.0,-1.0,2.0,3.0,-6.0,-3.0,4.0,0.0,-5.0,1.0,2.0,-1.0,2.0,2.0,-3.0,5.0,-2.0,3.0,-2.0,1.0,-5.0,-3.0
0,184,Tuna,0.0,2.0,-1.0,-1.0,3.0,4.0,-5.0,0.0,-1.0,-3.0,0.0,8.0,1.0,0.0,3.0,-7.0,-4.0,-1.0,-8.0,-3.0,3.0,4.0,0.0,7.0,-1.0
1,184,Salmon,0.0,-5.0,9.0,0.0,-1.0,2.0,-1.0,-7.0,7.0,1.0,4.0,-2.0,2.0,-15.0,4.0,-8.0,10.0,0.0,2.0,-12.0,4.0,12.0,-10.0,-2.0,6.0
2,184,Clown,1.0,-2.0,9.0,-2.0,-1.0,2.0,3.0,-6.0,-3.0,4.0,0.0,-5.0,1.0,2.0,-1.0,2.0,2.0,-3.0,5.0,-2.0,3.0,-2.0,1.0,-5.0,-3.0
0,185,Tuna,0.0,2.0,-1.0,-1.0,3.0,4.0,-5.0,0.0,-1.0,-3.0,0.0,8.0,1.0,0.0,3.0,-7.0,-4.0,-1.0,-8.0,-3.0,3.0,4.0,0.0,7.0,-1.0
1,185,Salmon,0.0,-5.0,9.0,0.0,-1.0,2.0,-1.0,-7.0,7.0,1.0,4.0,-2.0,2.0,-15.0,3.0,-8.0,10.0,0.0,1.0,-10.0,4.0,12.0,-11.0,-1.0,6.0
2,185,Clown,1.0,-2.0,9.0,-2.0,-1.0,2.0,3.0,-6.0,-3.0,4.0,0.0,-5.0,1.0,2.0,-1.0,2.0,2.0,-3.0,5.0,-2.0,3.0,-2.0,1.0,-5.0,-3.0
0,186,Tuna,0.0,2.0,-1.0,-1.0,3.0,4.0,-5.0,0.0,-1.0,-3.0,0.0,8.0,1.0,0.0,3.0,-7.0,-4.0,-1.0,-8.0,-3.0,3.0,4.0,0.0,7.0,-1.0
1,186,Salmon,0.0,-4.0,9.0,0.0,-1.0,2.0,-2.0,-7.0,7.0,1.0,3.0,-2.0,2.0,-15.0,3.0,-7.0,10.0,0.0,1.0,-10.0,4.0,12.0,-11.0,-1.0,6.0
2,186,Clown,1.0,-2.0,9.0,-2.0,-1.0,2.0,3.0,-6.0,-3.0,4.0,0.0,-5.0,1.0,2.0,-1.0,2.0,2.0,-3.0,5.0,-2.0,3.0,-2.0,1.0,-5.0,-3.0
0,187,Tuna,0.0,2.0,-1.0,-1.0,3.0,4.0,-5.0,0.0,-1.0,-3.0,0.0,8.0,1.0,0.0,3.0,-6.0,-4.0,-1.0,-8.0,-3.0,2.0,4.0,1.0,6.0,-1.0
1,187,Salmon,0.0,-4.0,9.0,0.0,-1.0,2.0,-2.0,-7.0,7.0,1.0,3.0,-2.0,2.0,-15.0,3.0,-7.0,10.0,0.0,1.0,-10.0,4.0,12.0,-12.0,0.0,6.0
2,187,Clown,2.0,-3.0,9.0,-2.0,-1.0,2.0,3.0,-6.0,-3.0,4.0,0.0,-5.0,1.0,2.0,-1.0,2.0,2.0,-3.0,5.0,-2.0,3.0,-2.0,1.0,-5.0,-3.0
0,188,Tuna,0.0,2.0,-1.0,-1.0,3.0,4.0,-5.0,0.0,-1.0,-3.0,0.0,8.0,1.0,0.0,3.0,-6.0,-4.0,-1.0,-8.0,-3.0,2.0,4.0,1.0,6.0,-1.0
1,188,Salmon,0.0,-4.0,9.0,0.0,-1.0,2.0,-2.0,-7.0,8.0,1.0,3.0,-2.0,2.0,-16.0,3.0,-7.0,10.0,0.0,0.0,-10.0,4.0,12.0,-12.0,1.0,6.0
2,188,Clown,2.0,-3.0,10.0,-2.0,-1.0,2.0,3.0,-7.0,-3.0,4.0,0.0,-5.0,1.0,2.0,-1.0,2.0,2.0,-3.0,5.0,-2.0,3.0,-2.0,1.0,-5.0,-3.0
0,189,Tuna,0.0,2.0,-1.0,-1.0,3.0,4.0,-5.0,0.0,-1.0,-3.0,0.0,8.0,1.0,0.0,3.0,-6.0,-4.0,-1.0,-8.0,-3.0,2.0,4.0,1.0,6.0,-1.0
1,189,Salmon,0.0,-4.0,9.0,0.0,-1.0,2.0,-2.0,-7.0,8.0,1.0,2.0,-1.0,2.0,-16.0,2.0,-7.0,10.0,0.0,0.0,-9.0,4.0,12.0,-12.0,1.0,6.0
2,189,Clown,2.0,-3.0,10.0,-3.0,0.0,2.0,3.0,-7.0,-3.0,4.0,0.0,-5.0,1.0,2.0,-1.0,2.0,2.0,-3.0,5.0,-2.0,3.0,-2.0,1.0,-5.0,-3.0
0,190,Tuna,0.0,2.0,-1.0,-1.0,3.0,4.0,-5.0,0.0,-1.0,-3.0,0.0,8.0,1.0,0.0,3.0,-6.0,-4.0,-1.0,-8.0,-3.0,3.0,3.0,1.0,6.0,-1.0
1,190,Salmon,0.0,-4.0,9.0,0.0,-1.0,2.0,-3.0,-6.0,7.0,1.0,2.0,0.0,2.0,-16.0,2.0,-8.0,11.0,0.0,0.0,-9.0,4.0,12.0,-12.0,1.0,6.0
2,190,Clown,2.0,-3.0,10.0,-3.0,0.0,2.0,3.0,-7.0,-3.0,4.0,0.0,-5.0,1.0,2.0,-1.0,2.0,2.0,-3.0,5.0,-2.0,3.0,-2.0,1.0,-5.0,-3.0
0,191,Tuna,0.0,2.0,-1.0,-1.0,3.0,4.0,-5.0,0.0,-1.0,-3.0,0.0,8.0,1.0,0.0,3.0,-6.0,-4.0,-1.0,-8.0,-3.0,3.0,3.0,1.0,6.0,-1.0
1,191,Salmon,0.0,-4.0,9.0,0.0,-1.0,2.0,-3.0,-6.0,7.0,1.0,2.0,0.0,2.0,-16.0,2.0,-8.0,11.0,0.0,0.0,-9.0,4.0,12.0,-12.0,1.0,6.0
2,191,Clown,3.0,-4.0,10.0,-3.0,0.0,2.0,3.0,-7.0,-3.0,4.0,0.0,-5.0,1.0,2.0,-1.0,1.0,3.0,-3.0,5.0,-2.0,3.0,-2.0,1.0,-5.0,-3.0
0,192,Tuna,-1.0,3.0,-1.0,-1.0,3.0,4.0,-5.0,0.0,-1.0,-3.0,0.0,8.0,1.0,0.0,3.0,-6.0,-4.0,-1.0,-8.0,-3.0,3.0,3.0,1.0,6.0,-1.0
1,192,Salmon,-1.0,-3.0,9.0,0.0,-1.0,2.0,-4.0,-5.0,7.0,1.0,2.0,0.0,2.0,-16.0,1.0,-8.0,11.0,0.0,0.0,-8.0,4.0,12.0,-12.0,1.0,6.0
2,192,Clown,3.0,-4.0,10.0,-3.0,0.0,2.0,3.0,-7.0,-3.0,4.0,0.0,-5.0,1.0,2.0,-1.0,1.0,3.0,-3.0,5.0,-2.0,3.0,-2.0,1.0,-5.0,-3.0
0,193,Tuna,-1.0,3.0,-1.0,-1.0,3.0,4.0,-5.0,0.0,-1.0,-3.0,0.0,8.0,1.0,0.0,3.0,-6.0,-4.0,-1.0,-8.0,-3.0,3.0,3.0,1.0,6.0,-1.0
1,193,Salmon,-1.0,-3.0,9.0,0.0,-1.0,2.0,-4.0,-5.0,7.0,1.0,2.0,0.0,2.0,-16.0,1.0,-8.0,11.0,0.0,0.0,-8.0,4.0,12.0,-12.0,1.0,6.0
2,193,Clown,3.0,-4.0,10.0,-3.0,0.0,2.0,4.0,-7.0,-3.0,4.0,0.0,-6.0,1.0,2.0,-1.0,1.0,3.0,-3.0,5.0,-2.0,4.0,-3.0,1.0,-5.0,-3.0
0,194,Tuna,-1.0,3.0,-1.0,-1.0,3.0,4.0,-5.0,0.0,-1.0,-3.0,0.0,8.0,1.0,0.0,3.0,-6.0,-4.0,-1.0,-8.0,-3.0,3.0,3.0,1.0,6.0,-1.0
1,194,Salmon,-1.0,-4.0,9.0,0.0,-1.0,2.0,-3.0,-5.0,8.0,1.0,2.0,0.0,2.0,-16.0,0.0,-8.0,11.0,0.0,0.0,-8.0,4.0,12.0,-12.0,1.0,6.0
2,194,Clown,3.0,-4.0,10.0,-3.0,0.0,2.0,4.0,-7.0,-3.0,4.0,1.0,-6.0,1.0,2.0,-1.0,0.0,3.0,-3.0,5.0,-2.0,4.0,-3.0,1.0,-5.0,-3.0
0,195,Tuna,-1.0,3.0,-1.0,-1.0,3.0,4.0,-5.0,0.0,-1.0,-3.0,0.0,8.0,1.0,0.0,3.0,-6.0,-4.0,-1.0,-8.0,-3.0,3.0,3.0,1.0,6.0,-1.0
1,195,Salmon,-1.0,-4.0,9.0,0.0,-1.0,2.0,-4.0,-5.0,8.0,1.0,1.0,2.0,2.0,-16.0,-1.0,-9.0,12.0,0.0,0.0,-7.0,4.0,12.0,-12.0,1.0,6.0
2,195,Clown,3.0,-3.0,10.0,-3.0,0.0,2.0,3.0,-7.0,-3.0,4.0,1.0,-6.0,1.0,2.0,-1.0,0.0,3.0,-3.0,5.0,-2.0,4.0,-3.0,1.0,-5.0,-3.0
0,196,Tuna,-1.0,3.0,-1.0,-1.0,3.0,4.0,-5.0,0.0,-1.0,-3.0,-2.0,10.0,1.0,0.0,3.0,-6.0,-4.0,-1.0,-8.0,-3.0,3.0,3.0,1.0,6.0,-1.0
1,196,Salmon,-1.0,-3.0,10.0,0.0,-1.0,2.0,-5.0,-6.0,8.0,1.0,0.0,3.0,2.0,-16.0,-1.0,-9.0,12.0,0.0,0.0,-7.0,4.0,12.0,-12.0,1.0,6.0
2,196,Clown,3.0,-3.0,10.0,-3.0,0.0,2.0,3.0,-7.0,-3.0,4.0,1.0,-5.0,1.0,2.0,-1.0,0.0,2.0,-3.0,5.0,-2.0,4.0,-3.0,1.0,-5.0,-3.0
0,197,Tuna,-1.0,3.0,-1.0,-1.0,3.0,4.0,-5.0,0.0,-1.0,-3.0,-2.0,10.0,1.0,0.0,3.0,-6.0,-4.0,-1.0,-8.0,-3.0,3.0,3.0,1.0,6.0,-1.0
1,197,Salmon,-1.0,-3.0,10.0,0.0,-1.0,2.0,-5.0,-6.0,8.0,1.0,0.0,3.0,2.0,-16.0,-1.0,-9.0,12.0,0.0,0.0,-7.0,4.0,11.0,-11.0,1.0,6.0
2,197,Clown,3.0,-3.0,10.0,-3.0,0.0,2.0,3.0,-7.0,-3.0,4.0,1.0,-5.0,1.0,2.0,-1.0,0.0,2.0,-3.0,5.0,-2.0,4.0,-3.0,1.0,-5.0,-3.0
0,198,Tuna,-1.0,3.0,-1.0,-1.0,3.0,4.0,-5.0,0.0,-1.0,-3.0,-2.0,10.0,1.0,0.0,3.0,-6.0,-4.0,-1.0,-8.0,-3.0,3.0,3.0,1.0,6.0,-1.0
1,198,Salmon,-1.0,-3.0,10.0,0.0,-1.0,2.0,-5.0,-6.0,8.0,1.0,0.0,3.0,2.0,-16.0,-2.0,-9.0,12.0,0.0,0.0,-6.0,4.0,11.0,-11.0,1.0,6.0
2,198,Clown,3.0,-3.0,10.0,-3.0,0.0,2.0,3.0,-7.0,-3.0,4.0,1.0,-5.0,1.0,2.0,-1.0,0.0,2.0,-3.0,5.0,-2.0,4.0,-3.0,1.0,-5.0,-3.0
0,199,Tuna,-1.0,3.0,-1.0,-1.0,3.0,4.0,-5.0,0.0,-1.0,-3.0,-2.0,10.0,1.0,0.0,3.0,-6.0,-4.0,-1.0,-8.0,-3.0,3.0,3.0,1.0,6.0,-1.0
1,199,Salmon,-1.0,-3.0,10.0,0.0,-1.0,2.0,-5.0,-6.0,8.0,1.0,1.0,2.0,2.0,-16.0,-2.0,-9.0,12.0,0.0,0.0,-6.0,4.0,11.0,-11.0,1.0,6.0
2,199,Clown,3.0,-3.0,10.0,-3.0,0.0,2.0,3.0,-7.0,-3.0,4.0,1.0,-5.0,1.0,2.0,-1.0,0.0,2.0,-3.0,5.0,-2.0,4.0,-3.0,1.0,-5.0,-3.0
0,200,Tuna,-2.0,4.0,-1.0,-1.0,3.0,4.0,-5.0,0.0,-1.0,-3.0,-2.0,10.0,1.0,0.0,3.0,-6.0,-4.0,-1.0,-8.0,-3.0,3.0,3.0,1.0,6.0,-1.0
1,200,Salmon,-1.0,-3.0,10.0,0.0,-1.0,2.0,-4.0,-6.0,8.0,1.0,1.0,1.0,2.0,-16.0,-2.0,-10.0,13.0,0.0,0.0,-6.0,4.0,11.0,-11.0,1.0,6.0
2,200,Clown,3.0,-3.0,10.0,-3.0,0.0,2.0,3.0,-7.0,-3.0,4.0,1.0,-5.0,1.0,2.0,-1.0,0.0,2.0,-3.0,5.0,-2.0,4.0,-3.0,1.0,-5.0,-3.0
0,201,Tuna,-2.0,4.0,-1.0,-1.0,3.0,4.0,-5.0,0.0,-1.0,-3.0,-2.0,10.0,1.0,0.0,3.0,-6.0,-4.0,-1.0,-8.0,-3.0,3.0,3.0,1.0,6.0,-1.0
1,201,Salmon,-1.0,-3.0,10.0,0.0,-1.0,2.0,-4.0,-6.0,8.0,1.0,1.0,1.0,2.0,-16.0,-2.0,-9.0,12.0,1.0,-1.0,-6.0,4.0,11.0,-12.0,2.0,6.0
2,201,Clown,3.0,-3.0,10.0,-3.0,0.0,2.0,3.0,-7.0,-3.0,4.0,1.0,-5.0,1.0,2.0,-1.0,0.0,2.0,-3.0,5.0,-2.0,4.0,-3.0,1.0,-5.0,-3.0
0,202,Tuna,-2.0,4.0,-1.0,-1.0,3.0,4.0,-5.0,0.0,-1.0,-3.0,-2.0,10.0,1.0,0.0,3.0,-6.0,-4.0,-1.0,-8.0,-3.0,3.0,3.0,1.0,6.0,-1.0
1,202,Salmon,-1.0,-3.0,10.0,0.0,-1.0,2.0,-4.0,-6.0,8.0,1.0,1.0,1.0,2.0,-16.0,-2.0,-9.0,12.0,1.0,-1.0,-6.0,4.0,11.0,-12.0,2.0,6.0
2,202,Clown,3.0,-3.0,10.0,-3.0,0.0,2.0,3.0,-7.0,-3.0,4.0,1.0,-5.0,1.0,2.0,-1.0,0.0,2.0,-3.0,5.0,-2.0,4.0,-3.0,1.0,-5.0,-3.0
0,203,Tuna,-2.0,4.0,-1.0,-1.0,3.0,4.0,-5.0,0.0,-1.0,-3.0,-2.0,10.0,1.0,0.0,3.0,-6.0,-4.0,-1.0,-8.0,-3.0,3.0,3.0,1.0,6.0,-1.0
1,203,Salmon,-1.0,-3.0,10.0,0.0,-1.0,2.0,-4.0,-6.0,8.0,1.0,0.0,2.0,2.0,-16.0,-2.0,-9.0,12.0,1.0,0.0,-7.0,4.0,11.0,-12.0,2.0,6.0
2,203,Clown,3.0,-3.0,11.0,-3.0,0.0,2.0,3.0,-8.0,-3.0,4.0,1.0,-5.0,1.0,2.0,-1.0,0.0,2.0,-3.0,5.0,-2.0,4.0,-3.0,1.0,-5.0,-3.0
0,204,Tuna,-2.0,4.0,-1.0,-1.0,3.0,4.0,-5.0,0.0,-1.0,-3.0,-2.0,10.0,1.0,0.0,3.0,-6.0,-4.0,-1.0,-8.0,-3.0,3.0,3.0,1.0,6.0,-1.0
1,204,Salmon,-1.0,-2.0,10.0,0.0,-1.0,3.0,-6.0,-6.0,8.0,1.0,0.0,2.0,2.0,-16.0,-2.0,-9.0,12.0,1.0,0.0,-7.0,4.0,11.0,-12.0,2.0,6.0
2,204,Clown,3.0,-3.0,11.0,-3.0,0.0,2.0,3.0,-8.0,-3.0,4.0,1.0,-5.0,1.0,2.0,-1.0,0.0,2.0,-3.0,5.0,-2.0,4.0,-3.0,1.0,-5.0,-3.0
0,205,Tuna,-2.0,4.0,-1.0,-1.0,3.0,4.0,-6.0,1.0,-1.0,-3.0,-2.0,10.0,1.0,0.0,3.0,-6.0,-4.0,-1.0,-8.0,-3.0,3.0,3.0,1.0,6.0,-1.0
1,205,Salmon,-1.0,-2.0,10.0,0.0,-1.0,3.0,-5.0,-7.0,8.0,1.0,0.0,2.0,2.0,-16.0,-2.0,-9.0,12.0,1.0,0.0,-7.0,4.0,11.0,-12.0,2.0,6.0
2,205,Clown,3.0,-3.0,11.0,-3.0,0.0,2.0,3.0,-8.0,-3.0,4.0,1.0,-5.0,1.0,2.0,-1.0,0.0,2.0,-3.0,5.0,-2.0,4.0,-3.0,1.0,-5.0,-3.0
0,206,Tuna,-2.0,4.0,-1.0,-1.0,3.0,4.0,-6.0,1.0,-1.0,-3.0,-2.0,10.0,1.0,0.0,3.0,-8.0,-2.0,-1.0,-8.0,-3.0,3.0,3.0,1.0,6.0,-1.0
1,206,Salmon,-1.0,-2.0,10.0,0.0,-1.0,3.0,-6.0,-7.0,8.0,1.0,0.0,3.0,2.0,-16.0,-2.0,-9.0,12.0,2.0,0.0,-7.0,4.0,11.0,-13.0,2.0,6.0
2,206,Clown,4.0,-4.0,11.0,-3.0,0.0,2.0,3.0,-8.0,-3.0,4.0,1.0,-5.0,1.0,2.0,-1.0,0.0,2.0,-3.0,5.0,-2.0,3.0,-2.0,1.0,-5.0,-3.0
0,207,Tuna,-2.0,4.0,-1.0,-1.0,3.0,4.0,-6.0,1.0,-1.0,-3.0,-2.0,10.0,1.0,0.0,3.0,-8.0,-2.0,-1.0,-8.0,-3.0,3.0,3.0,1.0,6.0,-1.0
1,207,Salmon,-2.0,-2.0,10.0,0.0,-1.0,4.0,-7.0,-7.0,8.0,1.0,1.0,3.0,2.0,-16.0,-2.0,-9.0,12.0,2.0,-1.0,-6.0,4.0,12.0,-14.0,2.0,6.0
2,207,Clown,4.0,-4.0,11.0,-3.0,0.0,2.0,3.0,-8.0,-3.0,4.0,1.0,-5.0,1.0,2.0,-1.0,0.0,2.0,-3.0,5.0,-2.0,3.0,-2.0,1.0,-5.0,-3.0
0,208,Tuna,-2.0,4.0,-1.0,-1.0,3.0,4.0,-6.0,1.0,-1.0,-3.0,-2.0,10.0,1.0,0.0,3.0,-8.0,-2.0,-1.0,-8.0,-3.0,3.0,3.0,1.0,6.0,-1.0
1,208,Salmon,-2.0,-2.0,10.0,0.0,-1.0,4.0,-7.0,-7.0,8.0,1.0,1.0,3.0,2.0,-16.0,-1.0,-9.0,12.0,2.0,-1.0,-7.0,4.0,12.0,-14.0,2.0,6.0
2,208,Clown,4.0,-4.0,11.0,-3.0,0.0,2.0,3.0,-8.0,-3.0,4.0,1.0,-5.0,1.0,2.0,-1.0,0.0,2.0,-3.0,5.0,-2.0,3.0,-2.0,1.0,-5.0,-3.0
0,209,Tuna,-2.0,4.0,-1.0,-1.0,3.0,4.0,-6.0,1.0,-1.0,-3.0,-2.0,10.0,1.0,0.0,3.0,-8.0,-2.0,-1.0,-8.0,-3.0,3.0,3.0,1.0,6.0,-1.0
1,209,Salmon,-2.0,-2.0,10.0,0.0,-1.0,4.0,-7.0,-7.0,8.0,1.0,1.0,4.0,2.0,-16.0,-1.0,-9.0,11.0,3.0,-1.0,-7.0,4.0,12.0,-15.0,2.0,6.0
2,209,Clown,4.0,-4.0,11.0,-3.0,0.0,2.0,3.0,-8.0,-3.0,4.0,1.0,-5.0,1.0,2.0,-1.0,0.0,2.0,-3.0,5.0,-2.0,3.0,-2.0,1.0,-5.0,-3.0
0,210,Tuna,-2.0,4.0,-1.0,-1.0,3.0,4.0,-6.0,1.0,-1.0,-3.0,-2.0,10.0,1.0,0.0,3.0,-9.0,-1.0,-1.0,-8.0,-3.0,3.0,3.0,1.0,6.0,-1.0
1,210,Salmon,-2.0,-2.0,10.0,0.0,-1.0,4.0,-7.0,-7.0,9.0,1.0,1.0,4.0,2.0,-17.0,-1.0,-9.0,11.0,3.0,-1.0,-7.0,4.0,12.0,-15.0,2.0,6.0
2,210,Clown,4.0,-4.0,11.0,-3.0,0.0,2.0,3.0,-8.0,-3.0,4.0,1.0,-5.0,1.0,2.0,-1.0,0.0,2.0,-3.0,5.0,-2.0,3.0,-2.0,1.0,-5.0,-3.0
0,211,Tuna,-2.0,4.0,-1.0,-1.0,3.0,4.0,-6.0,1.0,-1.0,-3.0,-2.0,10.0,1.0,0.0,3.0,-9.0,-1.0,-1.0,-8.0,-3.0,3.0,3.0,1.0,6.0,-1.0
1,211,Salmon,-2.0,-2.0,10.0,0.0,-1.0,4.0,-6.0,-8.0,9.0,1.0,0.0,5.0,2.0,-17.0,-1.0,-9.0,11.0,3.0,-1.0,-7.0,4.0,14.0,-17.0,2.0,6.0
2,211,Clown,4.0,-4.0,11.0,-3.0,0.0,2.0,3.0,-8.0,-3.0,4.0,1.0,-5.0,1.0,2.0,-1.0,0.0,2.0,-3.0,5.0,-2.0,3.0,-2.0,1.0,-5.0,-3.0
0,212,Tuna,-2.0,4.0,-1.0,-1.0,3.0,4.0,-6.0,1.0,-1.0,-3.0,-2.0,10.0,1.0,0.0,3.0,-9.0,-1.0,-1.0,-8.0,-3.0,3.0,3.0,1.0,6.0,-1.0
1,212,Salmon,-2.0,-2.0,10.0,0.0,-1.0,4.0,-7.0,-8.0,9.0,1.0,0.0,6.0,2.0,-17.0,-1.0,-9.0,11.0,3.0,-1.0,-7.0,4.0,14.0,-17.0,2.0,6.0
2,212,Clown,3.0,-3.0,11.0,-3.0,0.0,3.0,3.0,-8.0,-3.0,4.0,1.0,-6.0,1.0,2.0,-1.0,0.0,2.0,-3.0,5.0,-2.0,3.0,-2.0,1.0,-5.0,-3.0
0,213,Tuna,-2.0,4.0,-1.0,-1.0,3.0,4.0,-6.0,1.0,-1.0,-3.0,-2.0,10.0,1.0,0.0,3.0,-9.0,-1.0,-1.0,-8.0,-3.0,3.0,3.0,1.0,6.0,-1.0
1,213,Salmon,-2.0,-1.0,10.0,0.0,-1.0,4.0,-8.0,-8.0,9.0,1.0,0.0,6.0,2.0,-17.0,-1.0,-9.0,11.0,3.0,-1.0,-7.0,4.0,14.0,-17.0,2.0,6.0
2,213,Clown,3.0,-3.0,11.0,-4.0,1.0,3.0,3.0,-8.0,-3.0,4.0,1.0,-6.0,1.0,2.0,-1.0,0.0,2.0,-3.0,5.0,-2.0,3.0,-2.0,1.0,-5.0,-3.0
0,214,Tuna,-2.0,4.0,-1.0,-1.0,3.0,4.0,-6.0,1.0,-1.0,-3.0,-3.0,11.0,1.0,0.0,3.0,-9.0,-1.0,-1.0,-8.0,-3.0,3.0,3.0,1.0,6.0,-1.0
1,214,Salmon,-2.0,-1.0,10.0,0.0,-1.0,4.0,-8.0,-8.0,9.0,1.0,0.0,6.0,2.0,-17.0,-1.0,-9.0,11.0,3.0,-1.0,-7.0,4.0,14.0,-17.0,2.0,6.0
2,214,Clown,3.0,-3.0,11.0,-4.0,1.0,3.0,3.0,-8.0,-3.0,4.0,1.0,-6.0,1.0,2.0,-1.0,0.0,2.0,-3.0,5.0,-2.0,3.0,-2.0,1.0,-5.0,-3.0
0,215,Tuna,-2.0,4.0,-1.0,-1.0,3.0,4.0,-6.0,1.0,-1.0,-3.0,-3.0,11.0,1.0,0.0,3.0,-9.0,-1.0,-1.0,-8.0,-3.0,3.0,3.0,1.0,6.0,-1.0
1,215,Salmon,-2.0,-1.0,10.0,0.0,-1.0,4.0,-8.0,-8.0,9.0,1.0,0.0,6.0,2.0,-17.0,-1.0,-9.0,11.0,3.0,0.0,-8.0,3.0,15.0,-16.0,1.0,6.0
2,215,Clown,3.0,-3.0,11.0,-4.0,1.0,3.0,3.0,-8.0,-3.0,4.0,1.0,-6.0,1.0,2.0,-1.0,0.0,2.0,-3.0,5.0,-2.0,3.0,-2.0,1.0,-5.0,-3.0
0,216,Tuna,-2.0,4.0,-1.0,-1.0,3.0,4.0,-6.0,1.0,-1.0,-3.0,-3.0,11.0,1.0,0.0,3.0,-9.0,-1.0,-1.0,-8.0,-3.0,3.0,3.0,1.0,6.0,-1.0
1,216,Salmon,-2.0,-2.0,10.0,0.0,-1.0,4.0,-7.0,-8.0,9.0,1.0,1.0,6.0,2.0,-17.0,-1.0,-9.0,10.0,3.0,0.0,-8.0,3.0,15.0,-16.0,1.0,6.0
2,216,Clown,2.0,-2.0,11.0,-4.0,1.0,3.0,3.0,-8.0,-3.0,4.0,1.0,-6.0,1.0,2.0,-1.0,0.0,2.0,-3.0,5.0,-2.0,3.0,-2.0,1.0,-5.0,-3.0
0,217,Tuna,-2.0,4.0,-1.0,-1.0,3.0,4.0,-6.0,1.0,-1.0,-3.0,-3.0,11.0,1.0,0.0,3.0,-10.0,0.0,-1.0,-8.0,-3.0,3.0,3.0,1.0,6.0,-1.0
1,217,Salmon,-2.0,-1.0,10.0,0.0,-1.0,4.0,-8.0,-8.0,9.0,1.0,1.0,6.0,2.0,-17.0,-1.0,-9.0,11.0,3.0,0.0,-8.0,3.0,14.0,-16.0,1.0,6.0
2,217,Clown,2.0,-2.0,11.0,-4.0,1.0,3.0,3.0,-8.0,-3.0,4.0,1.0,-6.0,1.0,2.0,-1.0,0.0,2.0,-3.0,5.0,-2.0,3.0,-2.0,1.0,-5.0,-3.0
0,218,Tuna,-2.0,4.0,-1.0,-1.0,3.0,4.0,-6.0,1.0,-1.0,-3.0,-3.0,11.0,1.0,0.0,3.0,-10.0,0.0,-1.0,-8.0,-3.0,3.0,3.0,1.0,6.0,-1.0
1,218,Salmon,-1.0,-2.0,10.0,0.0,-1.0,4.0,-8.0,-8.0,9.0,1.0,1.0,6.0,2.0,-17.0,-1.0,-9.0,11.0,3.0,0.0,-8.0,3.0,14.0,-16.0,1.0,6.0
2,218,Clown,2.0,-2.0,11.0,-4.0,1.0,3.0,3.0,-8.0,-3.0,4.0,1.0,-6.0,1.0,2.0,-1.0,-1.0,2.0,-3.0,5.0,-2.0,4.0,-2.0,1.0,-5.0,-3.0
0,219,Tuna,-2.0,4.0,-1.0,-1.0,3.0,4.0,-6.0,1.0,-1.0,-3.0,-3.0,11.0,1.0,0.0,3.0,-10.0,0.0,-1.0,-8.0,-3.0,3.0,3.0,1.0,6.0,-1.0
1,219,Salmon,-1.0,-2.0,10.0,0.0,-1.0,4.0,-8.0,-8.0,9.0,1.0,1.0,6.0,2.0,-17.0,-1.0,-9.0,11.0,3.0,0.0,-8.0,3.0,14.0,-16.0,1.0,6.0
2,219,Clown,2.0,-2.0,11.0,-4.0,1.0,3.0,3.0,-8.0,-3.0,4.0,1.0,-6.0,1.0,2.0,-1.0,-1.0,2.0,-3.0,5.0,-2.0,4.0,-2.0,1.0,-5.0,-3.0
0,220,Tuna,-2.0,4.0,-1.0,-1.0,3.0,4.0,-6.0,1.0,-1.0,-3.0,-4.0,12.0,1.0,0.0,3.0,-10.0,0.0,-1.0,-8.0,-3.0,3.0,3.0,1.0,6.0,-1.0
1,220,Salmon,0.0,-3.0,10.0,0.0,-1.0,4.0,-8.0,-8.0,9.0,1.0,1.0,6.0,2.0,-17.0,-1.0,-9.0,11.0,3.0,-1.0,-8.0,3.0,14.0,-16.0,2.0,6.0
2,220,Clown,2.0,-2.0,11.0,-4.0,1.0,3.0,3.0,-8.0,-3.0,4.0,1.0,-6.0,1.0,2.0,-1.0,-1.0,2.0,-3.0,5.0,-2.0,4.0,-2.0,1.0,-5.0,-3.0
0,221,Tuna,-2.0,4.0,-1.0,-1.0,3.0,4.0,-6.0,1.0,-1.0,-3.0,-4.0,12.0,1.0,0.0,3.0,-10.0,0.0,-1.0,-8.0,-3.0,3.0,3.0,1.0,6.0,-1.0
1,221,Salmon,-1.0,-2.0,10.0,0.0,-1.0,3.0,-7.0,-8.0,9.0,1.0,1.0,7.0,2.0,-17.0,-1.0,-9.0,10.0,3.0,-1.0,-8.0,3.0,14.0,-16.0,2.0,6.0
2,221,Clown,2.0,-2.0,11.0,-4.0,1.0,3.0,3.0,-8.0,-3.0,4.0,1.0,-6.0,1.0,2.0,-1.0,-1.0,2.0,-3.0,5.0,-2.0,4.0,-3.0,2.0,-5.0,-3.0
0,222,Tuna,-2.0,4.0,-1.0,-1.0,3.0,4.0,-6.0,1.0,-1.0,-3.0,-4.0,12.0,1.0,0.0,3.0,-10.0,0.0,-1.0,-8.0,-3.0,3.0,3.0,1.0,6.0,-1.0
1,222,Salmon,-1.0,-2.0,10.0,0.0,-1.0,3.0,-7.0,-8.0,9.0,1.0,1.0,7.0,2.0,-17.0,-1.0,-9.0,10.0,3.0,-1.0,-7.0,3.0,14.0,-16.0,2.0,5.0
2,222,Clown,2.0,-2.0,11.0,-4.0,1.0,3.0,3.0,-8.0,-3.0,4.0,1.0,-6.0,1.0,2.0,-1.0,-1.0,2.0,-3.0,5.0,-2.0,4.0,-3.0,2.0,-5.0,-3.0
0,223,Tuna,-2.0,4.0,-1.0,-1.0,3.0,4.0,-6.0,1.0,-1.0,-3.0,-4.0,12.0,1.0,0.0,3.0,-11.0,0.0,-1.0,-8.0,-3.0,3.0,4.0,1.0,6.0,-1.0
1,223,Salmon,-1.0,-2.0,10.0,0.0,-1.0,3.0,-8.0,-8.0,9.0,1.0,1.0,8.0,2.0,-17.0,-1.0,-9.0,9.0,3.0,-1.0,-7.0,3.0,15.0,-16.0,2.0,5.0
2,223,Clown,2.0,-2.0,11.0,-3.0,0.0,3.0,3.0,-8.0,-3.0,4.0,1.0,-6.0,1.0,2.0,-1.0,-1.0,2.0,-3.0,5.0,-2.0,4.0,-3.0,2.0,-5.0,-3.0
0,224,Tuna,-2.0,4.0,-1.0,-1.0,3.0,4.0,-6.0,1.0,-1.0,-3.0,-4.0,12.0,1.0,0.0,3.0,-11.0,0.0,0.0,-9.0,-3.0,3.0,4.0,1.0,6.0,-1.0
1,224,Salmon,-1.0,-2.0,10.0,0.0,-1.0,2.0,-7.0,-8.0,9.0,1.0,1.0,8.0,2.0,-17.0,-1.0,-9.0,9.0,3.0,-1.0,-7.0,3.0,15.0,-16.0,2.0,5.0
2,224,Clown,2.0,-2.0,11.0,-3.0,0.0,3.0,3.0,-8.0,-3.0,4.0,1.0,-6.0,1.0,2.0,-1.0,-1.0,2.0,-3.0,5.0,-2.0,4.0,-3.0,2.0,-5.0,-3.0
0,225,Tuna,-2.0,4.0,-1.0,-1.0,3.0,4.0,-6.0,1.0,-1.0,-3.0,-4.0,12.0,1.0,0.0,3.0,-11.0,0.0,0.0,-9.0,-3.0,3.0,4.0,1.0,6.0,-1.0
1,225,Salmon,-1.0,-3.0,10.0,0.0,-1.0,2.0,-6.0,-8.0,9.0,1.0,1.0,7.0,2.0,-17.0,-1.0,-9.0,10.0,4.0,-1.0,-7.0,3.0,15.0,-17.0,2.0,5.0
2,225,Clown,2.0,-2.0,11.0,-3.0,0.0,3.0,3.0,-8.0,-3.0,4.0,1.0,-6.0,1.0,2.0,-1.0,-1.0,2.0,-3.0,5.0,-2.0,4.0,-3.0,2.0,-5.0,-3.0
0,226,Tuna,-2.0,4.0,-1.0,-1.0,3.0,4.0,-6.0,1.0,-1.0,-3.0,-4.0,12.0,1.0,0.0,3.0,-11.0,0.0,0.0,-9.0,-3.0,3.0,4.0,1.0,6.0,-1.0
1,226,Salmon,-1.0,-3.0,10.0,0.0,-1.0,2.0,-6.0,-8.0,9.0,1.0,1.0,7.0,2.0,-17.0,-1.0,-9.0,10.0,4.0,-1.0,-7.0,3.0,15.0,-17.0,2.0,5.0
2,226,Clown,2.0,-2.0,11.0,-3.0,0.0,4.0,3.0,-8.0,-3.0,4.0,1.0,-7.0,1.0,2.0,-1.0,-1.0,2.0,-3.0,5.0,-2.0,4.0,-3.0,2.0,-5.0,-3.0
0,227,Tuna,-2.0,4.0,-1.0,-1.0,3.0,4.0,-6.0,1.0,-1.0,-3.0,-4.0,12.0,1.0,0.0,3.0,-12.0,1.0,0.0,-9.0,-3.0,3.0,4.0,1.0,6.0,-1.0
1,227,Salmon,-1.0,-3.0,10.0,0.0,-1.0,2.0,-5.0,-9.0,9.0,1.0,1.0,7.0,2.0,-17.0,-1.0,-9.0,10.0,4.0,-1.0,-7.0,3.0,15.0,-17.0,2.0,5.0
2,227,Clown,2.0,-2.0,11.0,-3.0,0.0,4.0,3.0,-8.0,-3.0,4.0,1.0,-7.0,1.0,2.0,-1.0,-1.0,2.0,-3.0,5.0,-2.0,4.0,-3.0,2.0,-5.0,-3.0
0,228,Tuna,-2.0,4.0,-1.0,-1.0,3.0,4.0,-6.0,0.0,0.0,-3.0,-5.0,13.0,1.0,0.0,3.0,-12.0,1.0,0.0,-9.0,-3.0,3.0,4.0,1.0,6.0,-1.0
1,228,Salmon,-1.0,-3.0,10.0,0.0,-1.0,2.0,-5.0,-9.0,9.0,1.0,1.0,7.0,2.0,-17.0,-1.0,-9.0,9.0,4.0,-1.0,-7.0,3.0,16.0,-16.0,1.0,5.0
2,228,Clown,2.0,-2.0,11.0,-3.0,0.0,5.0,2.0,-8.0,-3.0,4.0,1.0,-7.0,1.0,2.0,-1.0,-1.0,2.0,-3.0,5.0,-2.0,4.0,-3.0,2.0,-5.0,-3.0
0,229,Tuna,-2.0,4.0,-1.0,-1.0,3.0,4.0,-6.0,-1.0,1.0,-3.0,-5.0,13.0,1.0,0.0,3.0,-12.0,1.0,0.0,-9.0,-3.0,3.0,4.0,1.0,6.0,-1.0
1,229,Salmon,-1.0,-3.0,10.0,0.0,-1.0,1.0,-4.0,-9.0,9.0,1.0,1.0,7.0,3.0,-18.0,-1.0,-9.0,9.0,4.0,-1.0,-7.0,3.0,16.0,-16.0,1.0,5.0
2,229,Clown,2.0,-2.0,11.0,-3.0,0.0,5.0,2.0,-8.0,-3.0,4.0,1.0,-7.0,1.0,2.0,-1.0,-1.0,2.0,-3.0,5.0,-2.0,4.0,-3.0,2.0,-5.0,-3.0
0,230,Tuna,-2.0,4.0,-1.0,-1.0,3.0,4.0,-6.0,-1.0,1.0,-3.0,-5.0,13.0,1.0,0.0,3.0,-12.0,1.0,0.0,-9.0,-3.0,3.0,4.0,1.0,6.0,-1.0
1,230,Salmon,-2.0,-2.0,10.0,0.0,-1.0,0.0,-3.0,-9.0,9.0,1.0,1.0,7.0,3.0,-18.0,-1.0,-9.0,9.0,4.0,-1.0,-7.0,3.0,16.0,-16.0,1.0,5.0
2,230,Clown,2.0,-2.0,11.0,-3.0,0.0,5.0,2.0,-8.0,-3.0,4.0,1.0,-7.0,1.0,2.0,-1.0,-1.0,2.0,-3.0,5.0,-2.0,3.0,-2.0,2.0,-5.0,-3.0
0,231,Tuna,-2.0,4.0,-1.0,-1.0,3.0,4.0,-6.0,-1.0,1.0,-3.0,-5.0,13.0,1.0,0.0,3.0,-11.0,1.0,0.0,-9.0,-3.0,2.0,4.0,1.0,6.0,-1.0
1,231,Salmon,-1.0,-3.0,10.0,0.0,-1.0,0.0,-3.0,-10.0,10.0,1.0,1.0,7.0,3.0,-18.0,-1.0,-9.0,9.0,4.0,-1.0,-7.0,3.0,16.0,-16.0,1.0,5.0
2,231,Clown,2.0,-2.0,11.0,-3.0,0.0,5.0,1.0,-8.0,-3.0,4.0,1.0,-6.0,1.0,2.0,-1.0,0.0,1.0,-3.0,5.0,-2.0,3.0,-2.0,2.0,-5.0,-3.0
0,232,Tuna,-2.0,4.0,-1.0,-1.0,3.0,4.0,-6.0,-1.0,1.0,-3.0,-5.0,13.0,1.0,0.0,3.0,-11.0,1.0,0.0,-9.0,-3.0,2.0,4.0,1.0,6.0,-1.0
1,232,Salmon,-1.0,-2.0,10.0,0.0,-1.0,0.0,-4.0,-10.0,10.0,1.0,1.0,6.0,3.0,-18.0,-1.0,-9.0,10.0,4.0,-1.0,-7.0,3.0,16.0,-16.0,1.0,5.0
2,232,Clown,2.0,-2.0,11.0,-3.0,0.0,5.0,1.0,-8.0,-3.0,4.0,1.0,-6.0,1.0,2.0,-1.0,0.0,1.0,-2.0,5.0,-2.0,3.0,-2.0,1.0,-5.0,-3.0
